file,current,canonical
Arza-etal2022.qmd,Latin American Politics,Latin America
Barahona-etal2023-Skin-in-the-Game.qmd,Student Loans,Student Finance
Barberia-etal2026.qmd,Descentralização,Decentralization
Barberia-etal2026.qmd,Desigualdade Regional,Regional Inequality
Barberia-etal2026.qmd,Economia Política Comparada,Political Economy
Barberia-etal2026.qmd,Federalismo,Federalism
Barberia-etal2026.qmd,Pandemia COVID-19,COVID-19 Pandemic
Barberia-etal2026.qmd,Política Educacional,Education Policy
Barbosa-Gandin2020.qmd,Politics of Education,Education Policy
Bartels2023.qmd,Comparative,Comparative Politics
Bogliaccini-Madariaga2024.qmd,América Latina,Latin America
Bogliaccini-Madariaga2024.qmd,Economia Política Comparada,Political Economy
Bogliaccini-Madariaga2024.qmd,Economias Periféricas,Peripheral Economies
Bogliaccini-Madariaga2024.qmd,Estratégias Distributivas,Redistribution
Bogliaccini-Madariaga2024.qmd,Modelos de Crescimento,Economic Growth
Bogliaccini-Madariaga2024.qmd,Restrição do Balanço de Pagamentos,Peripheral Economies
Colistete2014.qmd,Politics of Education,Education Policy
CostaRibeiro2023.qmd,Brasil,Brazil
CostaRibeiro2023.qmd,Economia Política Comparada,Political Economy
CostaRibeiro2023.qmd,Educação e Desigualdade,Educational Inequality
CostaRibeiro2023.qmd,Estratificação Social,Social Stratification
CostaRibeiro2023.qmd,Mobilidade Social,Social Mobility
CostaRibeiro2023.qmd,Métodos Quantitativos,Quantitative Methods
Cunha2003.qmd,Brazilian Education,Education Policy
Durham2003vPerplecity.qmd,Brasil,Brazil
Durham2003vPerplecity.qmd,Educação superior,Higher Education
Durham2003vPerplecity.qmd,História institucional,Historical Institutionalism
Durham2003vPerplecity.qmd,Política educacional,Education Policy
Durham2003vPerplecity.qmd,Setor público e privado,Privatization
Durham2005.qmd,Brazilian Higher Education,Higher Education
Durham2005.qmd,Historical Institutional Analysis,Historical Institutionalism
Durham2005.qmd,Mass Private Sector,Privatization
Durham2005.qmd,Public vs. Private,Privatization
Fairfield-Charman2017.qmd,Bayesianismo,Bayesianism
Fairfield-Charman2017.qmd,Ciência Política,Comparative Politics
Fairfield-Charman2017.qmd,Inferência Causal,Causal Inference
Fairfield-Charman2017.qmd,Metodologia Qualitativa,Qualitative Methods
Fairfield2013.qmd,Latin American Studies,Latin America
Feinmann-Rocha2026.qmd,Brasil,Brazil
Feinmann-Rocha2026.qmd,Desigualdade,Inequality
Feinmann-Rocha2026.qmd,Economia da Educação,Economics of Education
Feinmann-Rocha2026.qmd,Mobilidade Social,Social Mobility
Feinmann-Rocha2026.qmd,Métodos Quantitativos,Quantitative Methods
Feinmann-Rocha2026.qmd,Política Pública,Public Policy
Fernandes-etal2024.qmd,Acaparamiento de tierras,Land Conflicts
Fernandes-etal2024.qmd,Conflitos territoriais,Land Conflicts
Fernandes-etal2024.qmd,Extrativismo energético,Energy Extraction
Fernandes-etal2024.qmd,Geografia,Geospatial Analysis
Ferre2023v13-DeepSeek.qmd,Comparative Political Economy,Political Economy
Ferre2024.qmd,Comparative Political Economy,Political Economy
Filgueira2005.qmd,Comparative Political Economy,Political Economy
Fulge2022.qmd,Politics of Education,Education Policy
Garritzmann-Seng2026.qmd,Comparative,Comparative Politics
Garritzmann-Seng2026.qmd,Politics of Education,Education Policy
Garritzmann-etal2021.qmd,Comparative Political Economy,Political Economy
Garritzmann2026.qmd,Economia Política Comparada,Political Economy
Garritzmann2026.qmd,Institucionalismo Histórico,Historical Institutionalism
Garritzmann2026.qmd,Política da Educação,Education Policy
Garritzmann2026.qmd,Sociologia Política,Political Sociology
Garritzmann2026.qmd,Teoria de Clivagens,Party Politics
Gingrich-Giudici2023-2026-04-18.qmd,Comparative,Comparative Politics
Gingrich-Giudici2023-2026-04-18.qmd,Politics of Education,Education Policy
Gingrich-Giudici2025 Who Polarises.qmd,Politics of Education,Education Policy
Gomes2024.qmd,Análise de Governos Partidários,Party Politics
Gomes2024.qmd,Ciência Política,Comparative Politics
Gomes2024.qmd,Educação Superior,Higher Education
Gomes2024.qmd,Políticas Públicas,Public Policy
Grisa-Schneider2014.qmd,Agricultura Familiar,Rural Development
Grisa-Schneider2014.qmd,Desenvolvimento Rural,Rural Development
Grisa-Schneider2014.qmd,Políticas Públicas,Public Policy
Grisa-Schneider2014.qmd,Referencial,Reference
Grisa-Schneider2014.qmd,Relação Estado-Sociedade,State-Society Relations
Haber-Horrillo2022.qmd,Economic Development,Development Economics
Haber-Horrillo2022.qmd,Long-Run Growth,Economic Growth
Haber2000Cap1.qmd,Crescimento Econômico,Economic Growth
Haber2000Cap1.qmd,Economia Política Comparada,Political Economy
Haber2000Cap1.qmd,História Econômica da América Latina,Economic History
Haber2000Cap1.qmd,Mudança Institucional,Institutional Change
Haber2000Cap1.qmd,Nova Economia Institucional,Institutional Economics
Haber2000Cap3.qmd,Brasil,Brazil
Haber2000Cap3.qmd,Economia Política Comparada,Political Economy
Haber2000Cap3.qmd,História Econômica,Economic History
Haber2000Cap3.qmd,Instituições e Desenvolvimento,Development Economics
Haber2000Cap3.qmd,Mercados Financeiros,Financial Markets
Hemerijck-Fernandes2025.qmd,Economia Política Comparada,Political Economy
Hemerijck-Fernandes2025.qmd,Estado de Bem-Estar Social,Welfare State
Hemerijck-Fernandes2025.qmd,Investimento Social,Social Investment
Hemerijck-Fernandes2025.qmd,Métodos Quantitativos,Quantitative Methods
Hemerijck-Fernandes2025.qmd,Política Social,Social Policy
Hemerijck2013Cap1.qmd,Comparative Political Economy,Political Economy
Hemerijck2017.qmd,Políticas Públicas,Public Policy
Hemerijck2017.qmd,Sociologia Política,Political Sociology
Holland-Schneider2017.qmd,América Latina,Latin America
Holland-Schneider2017.qmd,Análise Coalicional,Coalition Analysis
Holland-Schneider2017.qmd,Economia Política Comparada,Political Economy
Holland-Schneider2017.qmd,Estado de Bem-Estar Social,Welfare State
Holland-Schneider2017.qmd,Políticas Sociais,Social Policy
Inglot2008Cap1.qmd,Europa Central e Oriental,Central and Eastern Europe
Inglot2008Cap1.qmd,Institucionalismo Histórico,Historical Institutionalism
Inglot2008Cap1.qmd,Política Social Comparada,Social Policy
Inglot2008Intro.qmd,Europa Central e Oriental,Central and Eastern Europe
Inglot2008Intro.qmd,Institucionalismo Histórico,Historical Institutionalism
Inglot2008Intro.qmd,Política Comparada,Comparative Politics
Inglot2008Intro.qmd,Pós-comunismo,Post-communism
Kenworthy2025Chp1.qmd,Democracia e Bem-Estar,Welfare State
Kenworthy2025Chp1.qmd,Desigualdade Econômica,Inequality
Kenworthy2025Chp1.qmd,Economia Política,Political Economy
Kenworthy2025Chp1.qmd,Metodologia Quantitativa,Quantitative Methods
Kenworthy2025Chp1.qmd,Política Social Comparada,Social Policy
Kenworthy2025Chp2.qmd,Desigualdade de Renda,Inequality
Kenworthy2025Chp2.qmd,Economia Política,Political Economy
Kenworthy2025Chp2.qmd,Metodologia Quantitativa,Quantitative Methods
Kenworthy2025Chp2.qmd,Padrões de Vida,Living Standards
Kenworthy2025Chp2.qmd,Política Comparada,Comparative Politics
Kenworthy2025Chp3.qmd,Democracia,Democracy
Kenworthy2025Chp3.qmd,Desigualdade Econômica,Inequality
Kenworthy2025Chp3.qmd,Economia Política,Political Economy
Kenworthy2025Chp3.qmd,Influência Política,Political Influence
Kenworthy2025Chp3.qmd,Metodologia Quantitativa,Quantitative Methods
Kosack2013.qmd,Ciência Política Comparada,Comparative Politics
Kosack2013.qmd,Desenvolvimento,Development Economics
Kosack2013.qmd,Economia Política,Political Economy
Kosack2013.qmd,Metodologia de Estudos de Caso,Case Study
Kosack2013.qmd,Política Educacional,Education Policy
Lichand-etal2026.qmd,Political Economy of Education,Education Policy
Limongi-etal2021.qmd,Análise Legislativa,Legislative Analysis
Limongi-etal2021.qmd,Autoritarismo,Authoritarianism
Limongi-etal2021.qmd,Política Brasileira,Brazil
Limongi-etal2021.qmd,Presidencialismo de Coalizão,Coalitional Presidentialism
Limongi-etal2021.qmd,Relações Executivo-Legislativo,Legislative Analysis
Lupu-Pontusson2023Chp-1-v2.qmd,Comparative,Comparative Politics
Lupu-Pontusson2023Chp-1-v2.qmd,Comparative Political Economy,Political Economy
Lupu-Pontusson2023Chp-1.qmd,Comparative,Comparative Politics
Lupu-Pontusson2023Chp-1.qmd,Comparative Political Economy,Political Economy
Mariscal-Sokoloff2000.qmd,América Latina Comparada,Latin America
Mariscal-Sokoloff2000.qmd,Desenvolvimento de Longo Prazo,Economic Growth
Mariscal-Sokoloff2000.qmd,Desigualdade e Instituições,Inequality
Mariscal-Sokoloff2000.qmd,Economia Política Histórica,Historical Political Economy
Mariscal-Sokoloff2000.qmd,História da Educação,History of Education
Moe-Wiborg2017.qmd,Dependência de Trajetória,Path Dependence
Moe-Wiborg2017.qmd,Interesses Criados,Vested Interests
Moe-Wiborg2017.qmd,Política Comparada da Educação,Education Policy
Moe-Wiborg2017.qmd,Reforma Institucional,Institutional Change
Moe-Wiborg2017.qmd,Sindicalismo Docente,Teacher Unionism
Offner2019Qwen.qmd,Latin American Studies,Latin America
Offner2019Qwen.qmd,U.S. Welfare State,Welfare State
Scheve-Stasavage2017.qmd,Democracia,Democracy
Scheve-Stasavage2017.qmd,Desigualdade de Riqueza,Inequality
Scheve-Stasavage2017.qmd,Economia Política Comparada,Political Economy
Scheve-Stasavage2017.qmd,Métodos Quantitativos,Quantitative Methods
Scheve-Stasavage2017.qmd,Redistribuição,Redistribution
Schwartzman2026.qmd,Private Education,Privatization
Schwartzman2026.qmd,Tertiary Education,Higher Education
Scudeler2022-Tese-FIES.qmd,Politics of Education,Education Policy
Summerhill2000.qmd,Brasil Imperial,Imperial Brazil
Summerhill2000.qmd,Economia Histórica,Economic History
Summerhill2000.qmd,Economia Política Comparada,Political Economy
Summerhill2000.qmd,Instituições Políticas,Institutions
Summerhill2000.qmd,Política de Infraestrutura,Infrastructure Policy
Tan-Thelen2025.qmd,Capitalismo de Plataforma,Platform Capitalism
Tan-Thelen2025.qmd,Economia Política Comparada,Political Economy
Tan-Thelen2025.qmd,Inteligência Artificial,Artificial Intelligence
Tan-Thelen2025.qmd,Modelos de Negócio,Platform Capitalism
Tan-Thelen2025.qmd,Tecnonacionalismo,Techno-nationalism
Thelen2014Chp1.qmd,Desigualdade,Inequality
Thelen2014Chp1.qmd,Economia Política Comparada,Political Economy
Thelen2014Chp1.qmd,Instituições Políticas,Institutions
Thelen2014Chp1.qmd,Liberalização,Liberalization
Thelen2014Chp1.qmd,Variedades de Capitalismo,Varieties of Capitalism
