"path","type","title","subtitle","date","last_updated","draft","categories","tags","tag_count","doi","citekey","title_key","body_hash","frontmatter_error","duplicate_candidate_count","duplicate_basis"
"0-governance/archive/variants/Andersen2024-original-2026-05-03.qmd","archived-variant","Fichamento: Impartial Administration and Peaceful Agrarian Reform: The Foundations for Democracy in Scandinavia","David Andersen (2024)","2026-05-03","2026-05-03",FALSE,"Annotated Bibliography; Comparative Politics; Democratization; Historical Institutionalism; State Formation; Agrarian Reform","",0,"10.1017/s0003055423000205","Andersen2024","impartialadministrationandpeacefulagrarianreformthefoundationsfordemocracyinscandinavia","85a58d3369f730e34854b7eeb1304dcd","",2,"mesmo DOI; mesmo citekey; tC-tulo normalizado idC*ntico"
"0-governance/archive/variants/Andersen2024vDeepSeek.qmd","archived-variant","Fichamento: Impartial Administration and Peaceful Agrarian Reform: The Foundations for Democracy in Scandinavia","David Andersen (2024)","2026-05-04","2026-05-04",FALSE,"Annotated Bibliography; Democratization; State Building; Historical Comparative Analysis; Agrarian Reform; Scandinavian Politics","",0,"10.1017/s0003055423000205","Andersen2024","impartialadministrationandpeacefulagrarianreformthefoundationsfordemocracyinscandinavia","0f3af67edf4d1bb150a51b51fa1ce289","",2,"mesmo DOI; mesmo citekey; tC-tulo normalizado idC*ntico"
"0-governance/archive/variants/Barahona-etal2026-FIES-and-Tuittion-fees.qmd","archived-variant","Fichamento: Equilibrium Price Responses to Targeted Student Financial Aid","Barahona, Dobbin & Otero (2026)","2026-04-18","2026-04-18",FALSE,"Annotated Bibliography; Economics of Education","industrial-organization; public-policy; causal-inference",3,"","Barahona-etal2026","equilibriumpriceresponsestotargetedstudentfinancialaid","c164bb2aedac1938617395a4a7524c64","",1,"mesmo citekey; tC-tulo normalizado idC*ntico"
"0-governance/archive/variants/Busemeyer2026-Sonnet-4.6.qmd","archived-variant","Fichamento: The Comparative Political Economy of Inequality: The Maturation of an Emerging Field","Busemeyer, M. R. (2026). The comparative political economy of inequality: The maturation of an emerging field. *West European Politics*. Advance online publication. https://doi.org/10.1080/01402382.2026.2662882","2026-06-06","2026-06-06",FALSE,"Annotated Bibliography; Comparative Political Economy; Inequality; Welfare State/Social Policy; Democratic Responsiveness; 2026; 2020s","",0,"10.1080/01402382.2026.2662882","Busemeyer2026","thecomparativepoliticaleconomyofinequalitythematurationofanemergingfield","4458b0a7f0dbb0b496f24f7296aaab62","",1,"mesmo DOI; mesmo citekey; tC-tulo normalizado idC*ntico"
"0-governance/archive/variants/Costa-etal2021v1.qmd","archived-variant","Costa et al. (2021). Expans<U+00E3>o da Higher Education e Progressividade do Investimento P<U+00FA>blico","Notas de leitura: Costa et al. (2021), TD Ipea 2631","2026-04-16","",FALSE,"Annotated Bibliography; Economics of Education; Inequality; Brazil","public-policy",1,"10.38116/td2631","Costa-etal2021","costaetal2021expansaodahighereducationeprogressividadedoinvestimentopublico","9cc2aaa8df5b4e76d4c2f4d08dcdf22d","",1,"mesmo DOI; mesmo citekey"
"0-governance/archive/variants/Fairfield2013-original-2026-05-03.qmd","archived-variant","Fichamento: Going Where the Money Is: Strategies for Taxing Economic Elites in Unequal Democracies","Tasha Fairfield (2013)","2026-05-03","2026-05-03",FALSE,"Annotated Bibliography; Comparative Politics; Political Economy; Public Policy; Latin America; Fiscal Sociology","",0,"10.1016/j.worlddev.2013.02.009","Fairfield2013","goingwherethemoneyisstrategiesfortaxingeconomicelitesinunequaldemocracies","0cbb7a07b5985851c3f32e18c5c15ce9","",1,"mesmo citekey; tC-tulo normalizado idC*ntico"
"0-governance/archive/variants/Kang-etal2021-Perplexity-Best.qmd","archived-variant","Fichamento: Late and Unequal Measuring Enrolments and Retention in Education Policy/Politics, 1933-2010","Kang, Paese e Felix (2021)","2026-04-19","2026-04-19",FALSE,"Annotated Bibliography; Development Economics; Inequality; Brazil","economic-history",1,"10.1017/s0212610921000112","Kang-etal2021","lateandunequalmeasuringenrolmentsandretentionineducationpolicypolitics19332010","04bc7e1a0a13b1ba91fe61bbe94c6ea9","",1,"mesmo DOI"
"0-governance/archive/variants/Lupu-Pontusson2023Chp-1.qmd","archived-variant","Fichamento: The Political Puzzle of Rising Inequality","Lupu, N. & Pontusson, J. (2023)","2026-04-17","",FALSE,"Descriptive Note; Political Economy; Welfare State/Social Policy; Comparative Politics","",0,"","","thepoliticalpuzzleofrisinginequality","49635adb96ffc3c48ec8777dd9efac51","",1,"tC-tulo normalizado idC*ntico"
"Old_Website_Posts/2026-01-02-EDUC-306B/index.qmd","legacy","About the EDUC-306B","","2026-01-02","",FALSE,"[Courses, Syllabus, Political Economy, Classes] # Adicione suas categorias aqui","",0,"","","abouttheeduc306b","0fe9cb98ccdb90a1bc0a66436d98cc13","",0,""
"Old_Website_Posts/2026-01-03-Deciding-Classes-Stanford/index.qmd","legacy","2026-01-03-Deciding-Classes-Stanford","","2026-01-03","",FALSE,"Reading Notes; Political Economy; State Theory","",0,"","","20260103decidingclassesstanford","b0b1652ba9cb16df7f9f48e90cbd9142","",0,""
"Old_Website_Posts/2026-01-03-Mechanisms-in-SSciences/draft.qmd","legacy","draft","","2026-01-02","",TRUE,"[Ideas, Concepcts, Core Ideas] # Adicione suas categorias aqui","",0,"","","draft","41deebe9cd3a7e1395c675c9583cd98b","",0,""
"Old_Website_Posts/2026-01-10_Institutions_Culture/2026-01-10_Institutions_Culture.qmd","legacy","Institui<U+00E7><U+00F5>es, Racionalidade e Como as Pessoas Pensam","","2026-01-11","",FALSE,"political economy; institutions; rationality; development","",0,"","","instituicoesracionalidadeecomoaspessoaspensam","f86e83ed2e05898784f1625d7be83d02","",0,""
"Old_Website_Posts/2026-02-19-Huber-Stephen-vs-Lupu-Pontusson/index.qmd","legacy","index","","","",FALSE,"","",0,"","","index","81051bcc2cf1bedf378224b0a93e2877","",0,""
"Old_Website_Posts/2026_01_16_TMancano_Plans_Projects/TMancano_Plans_Projects.qmd","legacy","Tales Man<U+00E7>ano - Research Pipeline","Sistema de gest<U+00E3>o de projetos acad<U+00EA>micos","2026-01-16","",FALSE,"research; meta; pipeline","",0,"","","talesmancanoresearchpipeline","6fd24b8d3e9e470fa8700df087fcf850","",0,""
"Old_Website_Posts/2026_01_16_TMancano_Plans_Projects/index.qmd","legacy","Research Pipeline - Tales Man<U+00E7>ano","Planning Papers and Publications","2026-01-18","",TRUE,"Planning; Research; Pipeline","",0,"","","researchpipelinetalesmancano","e2581df10073c4766ba29add342cbf7e","",0,""
"Old_Website_Posts/2026_01_20_Comment_on_Paglayan/Comment_on_Paglayan.qmd","legacy","","","","",FALSE,"","",0,"","","","e8b3770f731f88e4a47a40d2b267ebf4","front matter ausente",0,""
"Old_Website_Posts/Albouy2012.qmd","legacy","Albouy, D. Y. (2012). The Colonial Origins of Comparative Development: Comment.","","2026-01-13","",FALSE,"Development Economics; Institutions; Econometrics; Reading notes","",0,"10.1257/aer.102.6.3059","","albouydy2012thecolonialoriginsofcomparativedevelopmentcomment","5a7282aa01a681b3875b365e875dcacf","",0,""
"Old_Website_Posts/Callaway-etal2025-Contdid.qmd","legacy","Contdid","","2026-01-04","",FALSE,"[Courses, Reading notes] # Adicione suas categorias aqui","",0,"","","contdid","6769f53d04d8aecf1c4001de65f43d20","",0,""
"Old_Website_Posts/Carnoy1984/Carnoy1984.qmd","legacy","Notes for Carnoy 1984","","2026-01-12","",FALSE,"[Political Economy, Text notes] # Adicione suas categorias aqui","",0,"","","notesforcarnoy1984","310b692f57db09968f2cd781f482c8d5","",0,""
"Old_Website_Posts/Carnoy1989/Carnoy1989.qmd","legacy","Carnoy, M. (1989). Education, State, and Culture in American Society.","","2026-01-03","",FALSE,"[Courses, Reading notes] # Adicione suas categorias aqui","",0,"","","carnoym1989educationstateandcultureinamericansociety","852773d158ddd03934b9affc37519803","",0,""
"Old_Website_Posts/Carnoy2024Ch3.qmd","legacy","Carnoy, M. (2024). The State and Education.","","2026-01-04","",FALSE,"[Courses, Reading notes] # Adicione suas categorias aqui","",0,"","","carnoym2024thestateandeducation","3c87da258b1598824edbf0a1cebe97d1","",0,""
"Old_Website_Posts/Evans1995.qmd","legacy","The State and Industrial Transformation: Insights from Peter Evans () Embedded Autonomy: States and Industrial Transformation","Reviewing 'Embedded Autonomy' for EDUC 306B","2026-01-03","",FALSE,"Reading Notes; Courses; Political Economy; State Theory","",0,"","","thestateandindustrialtransformationinsightsfrompeterevansembeddedautonomystatesandindustrialtransformation","3f6cccef303f6551f38760c12abd8834","",0,""
"Old_Website_Posts/Hall1993.qmd","legacy","Hall, P. A. (1993). Policy Paradigms, Social Learning, and the State.","","2026-01-12","",FALSE,"Public Policy; Reading notes","",0,"10.2307/422246","","hallpa1993policyparadigmssociallearningandthestate","4b3da1bb258ca29b82c41f765c6f3ae8","",1,"mesmo DOI; tC-tulo normalizado idC*ntico"
"Old_Website_Posts/Hall2003.qmd","legacy","Hall, P. A. (2003). Aligning Ontology and Methodology in Comparative Research.","","2026-01-12","",FALSE,"[Methodology, Epistemology, Ontology, Comparative Politics, Reading notes] # Categorias sugeridas com base no tema","",0,"10.1017/cbo9780511803963.012","","hallpa2003aligningontologyandmethodologyincomparativeresearch","d5390211faad3bc574dd796c03027811","",0,""
"Old_Website_Posts/Hay2019.qmd","legacy","Hay, C. (2019). Does capitalism (still) come in varieties?","","2026-01-13","",FALSE,"Political Economy; Varieties of Capitalism; Comparative Politics; Reading notes","",0,"10.1080/09692290.2019.1633382","","hayc2019doescapitalismstillcomeinvarieties","c46a9a959f15dc8b2fafe54f97cc0d7d","",0,""
"Old_Website_Posts/Template.qmd","legacy","Hall, P. A. (1993). Policy Paradigms, Social Learning, and the State.","","2026-01-12","",FALSE,"Public Policy; Social Learning; Political Science; Reading notes","",0,"10.2307/422246","","hallpa1993policyparadigmssociallearningandthestate","20741d252af390727847d9dfa1f0c2d2","",1,"mesmo DOI; tC-tulo normalizado idC*ntico"
"Old_Website_Posts/Text Template.qmd","legacy","Template","","2026-01-04","",FALSE,"[Courses, Reading notes] # Adicione suas categorias aqui","",0,"","","template","8cf78592c81ac8492050dd138f84291c","",0,""
"posts/Acemoglu-etal2005.qmd","bibliography","Fichamento: The Rise of Europe: Atlantic Trade, Institutional Change, and Economic Growth","Acemoglu, Johnson & Robinson (2005)","2026-04-19","2026-04-19",FALSE,"Annotated Bibliography; Political Economy; Institutions; Development Economics","quantitative-methods; economic-history",2,"10.1257/0002828054201313","Acemoglu-etal2005","theriseofeuropeatlantictradeinstitutionalchangeandeconomicgrowth","af8fa16fc94b9a8d4ecc49ebafc9b4fe","",0,""
"posts/Alves2024.qmd","bibliography","Fichamento: Partisanship, Cross-Party Coalitions, and Welfare State/Social Policymaking in Brazil","Alves (2024)","2026-04-20","2026-04-20",FALSE,"Annotated Bibliography; Welfare State/Social Policy; Latin America; Party Politics","coalitional-presidentialism; social-policy; comparative-politics",3,"10.1017/lar.2024.33","Alves2024","partisanshipcrosspartycoalitionsandwelfarestatesocialpolicymakinginbrazil","3c928dd171dbc3fbaf4acc4fc8122820","",0,""
"posts/Andersen2024.qmd","bibliography","Fichamento: Impartial Administration and Peaceful Agrarian Reform: The Foundations for Democracy in Scandinavia","David Andersen (2024)","2026-05-04","2026-05-04",FALSE,"Annotated Bibliography; Comparative Politics/Political Economy; Democracy; Historical Institutionalism; Agrarian Reform","",0,"10.1017/s0003055423000205","Andersen2024","impartialadministrationandpeacefulagrarianreformthefoundationsfordemocracyinscandinavia","be875be5e9f81f3dbb0ba1899ae9f968","",2,"mesmo DOI; mesmo citekey; tC-tulo normalizado idC*ntico"
"posts/AnderssonBerger2019.qmd","bibliography","Fichamento: Elites and the expansion of education in nineteenth-century Sweden","Andersson e Berger (2019)","2026-04-19","2026-04-19",FALSE,"Annotated Bibliography; Economics of Education; Institutions; Development Economics","causal-inference; economic-history",2,"10.1111/ehr.12738","AnderssonBerger2019","elitesandtheexpansionofeducationinnineteenthcenturysweden","87f33f6671c78da7dc2b54cc5ba33cb7","",0,""
"posts/Ansell2008.qmd","bibliography","Fichamento: University Challenges: Explaining Institutional Change in Higher Education","Ansell, Ben W. (2008) <U+2014> World Politics, 60(2)","2026-05-09","2026-05-09",FALSE,"Annotated Bibliography; Comparative Politics; Political Economy; Higher Education Policy; Welfare State/Social Policy","",0,"10.1353/wp.0.0009","Ansell2008","universitychallengesexplaininginstitutionalchangeinhighereducation","53778243567d67e08edb5ca23232b82e","",0,""
"posts/Arza-etal2022.qmd","bibliography","Fichamento: The Political Economy of Segmented Expansion: Latin American Welfare State/Social Policy in the 2000s","Arza, Castiglioni, Mart<U+00ED>nez Franzoni, Niedzwiecki, Pribble & S<U+00E1>nchez<U+2011>Ancochea (2022)","2026-04-23","2026-04-23",FALSE,"Annotated Bibliography; Latin America; Welfare State/Social Policy; Political Economy; Democracy","",0,"10.1017/9781009344135","Arza-etal2022","thepoliticaleconomyofsegmentedexpansionlatinamericanwelfarestatesocialpolicyinthe2000s","fa3fc85b9078369748104b5ccaafa118","",0,""
"posts/Barahona-etal2023-Skin-in-the-Game.qmd","bibliography","Fichamento: Skin in the Game: Colleges' Financial Incentives and Student Outcomes","Barahona, Dobbin, Ho, Otero & Yannelis (2023)","2026-04-23","2026-04-23",FALSE,"Annotated Bibliography; Economics of Education; Student Finance; Causal Inference; Structural Modeling; Policy Evaluation","",0,"","Barahona-etal2023","skininthegamecollegesfinancialincentivesandstudentoutcomes","bacc21a427e1296ac9010ec812e71516","",0,""
"posts/Barahona-etal2025-Widespread-Online-Education.qmd","bibliography","Fichamento: The Effects of Widespread Online Education on Market Structure and Enrollment","Barahona, N.; Dobbin, C.; Otero, S. (2025)","2026-04-18","2026-04-18",FALSE,"Annotated Bibliography; Economics of Education; Brazil","industrial-organization; causal-inference; tertiary-education",3,"","Barahona-etal2025","theeffectsofwidespreadonlineeducationonmarketstructureandenrollment","72c5bf1d9c11a7e6dfa14d0be712a936","",0,""
"posts/Barahona-etal2026.qmd","bibliography","Fichamento: Equilibrium Price Responses to Targeted Student Financial Aid","Barahona, Dobbin & Otero (2026)","2026-04-18","2026-04-18",FALSE,"Annotated Bibliography; Economics of Education","industrial-organization; public-policy; causal-inference",3,"","Barahona-etal2026","equilibriumpriceresponsestotargetedstudentfinancialaid","4d3a797d72adc9b79edc2cae62338d20","",1,"mesmo citekey; tC-tulo normalizado idC*ntico"
"posts/Barberia-etal2026.qmd","bibliography","Fichamento: Federative Coordination and Inequality of Provision: Brazil's Education Policy/Politics Response to the COVID-19 Pandemic","Barberia, Cantarelli, Schmalz e Peres (2026)","2026-04-24","2026-04-24",FALSE,"Annotated Bibliography; Federalism; Education Policy/Politics; Decentralization; Inequality Regional; COVID-19 Pandemic; Political Economy","",0,"10.1086/739193","Barberia-etal2026","federativecoordinationandinequalityofprovisionbrazilseducationpolicypoliticsresponsetothecovid19pandemic","6e8f67b601e37da9427a773718865ad3","",0,""
"posts/Barbosa-Gandin2020.qmd","bibliography","Fichamento: Sociologia da educa<U+00E7><U+00E3>o brasileira: diversidade e qualidade","Barbosa & Gandin (2020)","2026-04-20","2026-04-20",FALSE,"Annotated Bibliography; Education Policy/Politics; Brazil","sociology-of-education",1,"","Barbosa-Gandin2020","sociologiadaeducacaobrasileiradiversidadeequalidade","445f3f34dc1c1037b51e634a23372656","",0,""
"posts/Bartels2023.qmd","bibliography","Fichamento: Measuring Political Inequality","Bartels, L. M. (2023)","2026-04-18","2026-04-18",FALSE,"Annotated Bibliography; Inequality; Methodology; Comparative Politics","democratic-theory; causal-inference",2,"10.1017/9781009428682.005","Bartels2023","measuringpoliticalinequality","5b69fba53bc3bab7ba250018ef570236","",0,""
"posts/Berger2016.qmd","bibliography","Fichamento: Engines of Growth: Essays in Swedish Economic History","Thor Berger (2016)","2026-04-20","2026-04-20",FALSE,"Annotated Bibliography; Development Economics","economic-history; causal-inference; human-capital",3,"","Berger2016","enginesofgrowthessaysinswedisheconomichistory","2424a9b247efe7b6cb67c0cbc6248bad","",0,""
"posts/Bogliaccini-Madariaga2024.qmd","bibliography","Fichamento: Leftist Governments, Distributive Strategies, and the Politics of Balance of Payments-Constrained Growth in Chile and Uruguay","Bogliaccini e Madariaga (2024)","2026-04-23","2026-04-23",FALSE,"Annotated Bibliography; Political Economy; Economic Growth; Peripheral Economies; Latin America; Redistribution","",0,"10.1177/10245294241237366","Bogliaccini-Madariaga2024","leftistgovernmentsdistributivestrategiesandthepoliticsofbalanceofpaymentsconstrainedgrowthinchileanduruguay","92ad8569dafeb88a4f408d94e141202f","",0,""
"posts/Breen-Muller2020Incomplete.qmd","bibliography","Fichamento: Education and Intergenerational Social Mobility in Europe and the United States","Breen, R. & M<U+00FC>ller, W. (Eds.) (2020) <U+2014> Stanford University Press","2026-05-08","2026-05-08",TRUE,"Annotated Bibliography; Sociology of Education; Social Stratification; Inequality; Comparative","",0,"","Breen-Muller2020","educationandintergenerationalsocialmobilityineuropeandtheunitedstates","683aa6ff47b032ad2951531f3a6925c7","",0,""
"posts/Breen2010.qmd","bibliography","Fichamento: Educational Expansion and Social Mobility in the 20th Century","Breen, R. (2010). Educational expansion and social mobility in the 20th century. *Social Forces*, *89*(2), 365<U+2013>388. https://doi.org/10.1353/SOF.2010.0076","2026-05-13","2026-05-13",FALSE,"Annotated Bibliography; Sociology of Education; Social Stratification; Inequality; Comparative; 2010; 2010s","",0,"10.1353/sof.2010.0076","Breen2010","educationalexpansionandsocialmobilityinthe20thcentury","dc7ae44d1acb8aa108a13e153776d8ff","",0,""
"posts/Busemeyer-Thelen2020.qmd","bibliography","Fichamento: Institutional Sources of Business Power","Busemeyer, M. R., & Thelen, K. (2020). Institutional sources of business power. *World Politics*, *72*(3), 448<U+2013>480. https://doi.org/10.1017/S004388712000009X","2026-05-22","2026-05-22",FALSE,"Annotated Bibliography; Political Economy; Comparative Politics; Business Power; Historical Institutionalism; Education Policy; Comparative; 2020; 2020s","",0,"10.1017/s004388712000009x","Busemeyer-Thelen2020","institutionalsourcesofbusinesspower","ac719a4a868a51002ff4a54f1cc6fc43","",0,""
"posts/Busemeyer2015.qmd","bibliography","Fichamento: Skills and Inequality: Partisan Politics and the Political Economy of Education Reforms in Western Welfare States","Busemeyer, Marius R. (2015) <U+2014> Cambridge University Press","2026-05-09","2026-05-09",FALSE,"Annotated Bibliography; Comparative Politics; Political Economy; Welfare State/Social Policy; Inequality","",0,"","Busemeyer2015","skillsandinequalitypartisanpoliticsandthepoliticaleconomyofeducationreformsinwesternwelfarestates","bc12da38ca157ce973c72090ba624c1c","",0,""
"posts/Busemeyer2026.qmd","bibliography","Fichamento: The comparative political economy of inequality: the maturation of an emerging field","Busemeyer, M. R. (2026). The comparative political economy of inequality: the maturation of an emerging field. *West European Politics*, 1<U+2013>31. https://doi.org/10.1080/01402382.2026.2662882","2026-06-06","2026-06-06",FALSE,"Annotated Bibliography; Comparative Politics/Political Economy; Inequality; Welfare State/Social Policy; Party Politics","",0,"10.1080/01402382.2026.2662882","Busemeyer2026","thecomparativepoliticaleconomyofinequalitythematurationofanemergingfield","ea70fb7dc674c0e7e865dcb7abb416d3","",1,"mesmo DOI; mesmo citekey; tC-tulo normalizado idC*ntico"
"posts/Carnoy1985.qmd","bibliography","Fichamento: The Political Economy of Education","Carnoy, Martin (1985)","2026-05-09","2026-05-09",FALSE,"Annotated Bibliography; Political Economy; Education Policy; Inequality; Sociology of Education","",0,"","Carnoy1985","thepoliticaleconomyofeducation","b1cfe25e3f88c604582607f0eac36d8f","",0,""
"posts/Carvalho2011.qmd","bibliography","Fichamento: A pol<U+00ED>tica p<U+00FA>blica para a educa<U+00E7><U+00E3>o superior no Brasil (1995-2008)","Carvalho, C. H. A. de. (2011). A pol<U+00ED>tica p<U+00FA>blica para a educa<U+00E7><U+00E3>o superior no Brasil (1995-2008): ruptura e/ou continuidade [Tese de Doutorado]. Universidade Estadual de Campinas.","2026-05-10","2026-05-10",FALSE,"Annotated Bibliography; Political Economy; Welfare State/Social Policy; Brazil; 2011; 2010s","",0,"","Carvalho2011","apoliticapublicaparaaeducacaosuperiornobrasil19952008","9f653ec864d39c1458da23988b97a1a3","",0,""
"posts/Carvalho2015.qmd","bibliography","Fichamento: A pol<U+00ED>tica p<U+00FA>blica de expans<U+00E3>o para a educa<U+00E7><U+00E3>o superior entre 1995 e 2010","Carvalho, C. H. A. de (2015). A pol<U+00ED>tica p<U+00FA>blica de expans<U+00E3>o para a educa<U+00E7><U+00E3>o superior entre 1995 e 2010: uma abordagem neoinstitucionalista hist<U+00F3>rica.","2026-05-09","2026-05-09",FALSE,"Annotated Bibliography; Political Science; Higher Education Policy; Historical Institutionalism; Brazil","",0,"10.1590/s1413-24782015206004","Carvalho2015","apoliticapublicadeexpansaoparaaeducacaosuperiorentre1995e2010","37053dd5dc13ae05ffec43a2e784cd2c","",0,""
"posts/Chaise2026.qmd","bibliography","Fichamento: As Pol<U+00ED>ticas Credit<U+00ED>cias no Brasil Sob as Esquerdas","Chaise, M. (2026). As pol<U+00ED>ticas credit<U+00ED>cias no Brasil sob as esquerdas: A agenda do cr<U+00E9>dito popular antes do governo Lula. *Dados*, *69*(1), e20240059. https://doi.org/10.1590/dados.2026.69.1.405","2026-06-22","2026-06-22",FALSE,"Annotated Bibliography; Political Economy; Partisan Theory; Social Policy; Microcredit; Brazil; 2026; 2020s","",0,"10.1590/dados.2026.69.1.405","Chaise2026","aspoliticascrediticiasnobrasilsobasesquerdas","4e52c274098ebf643b2651697f9762a6","",0,""
"posts/Colistete-Lamounier2014.qmd","bibliography","Fichamento: Land Inequality in a Coffee Economy: S<U+00E3>o Paulo During the Early Twentieth Century","Colistete e Lamounier (2014)","2026-04-19","2026-04-19",FALSE,"Annotated Bibliography; Development Economics; Inequality; Latin America","economic-history; quantitative-methods",2,"","Colistete-Lamounier2014","landinequalityinacoffeeeconomysaopauloduringtheearlytwentiethcentury","c78a5b1c2759de68ee06e722a8044eec","",0,""
"posts/Colistete2014.qmd","bibliography","Fichamento: A pol<U+00ED>tica do atraso educacional: vis<U+00F5>es e conflitos sobre a instru<U+00E7><U+00E3>o p<U+00FA>blica em S<U+00E3>o Paulo entre 1851 e 1892","Colistete, Renato Perim (2014)","2026-04-20","2026-04-20",FALSE,"Annotated Bibliography; Political Economy; Education Policy/Politics; Development Economics; Brazil","economic-history; fiscal-decentralization; imperial-brazil",3,"","Colistete2014","apoliticadoatrasoeducacionalvisoeseconflitossobreainstrucaopublicaemsaopauloentre1851e1892","174a801864d593760f8954f336178c4f","",0,""
"posts/Costa-etal2021.qmd","bibliography","Fichamento: Expans<U+00E3>o da educa<U+00E7><U+00E3>o superior e progressividade do investimento p<U+00FA>blico","Costa, J. S., Silveira, F. G., Costa, R., & Waltenberg, F. D. (2021)","2026-04-19","2026-04-19",FALSE,"Annotated Bibliography; Economics of Education; Inequality; Brazil","public-policy",1,"10.38116/td2631","Costa-etal2021","expansaodaeducacaosuperioreprogressividadedoinvestimentopublico","b17bea46e9773ddb9340c33b5d0afb5e","",1,"mesmo DOI; mesmo citekey"
"posts/CostaRibeiro2023.qmd","bibliography","Fichamento: Educational Expansion and Class Mobility Trends in Brazil","Costa Ribeiro (2023)","2026-04-26","2026-04-26",FALSE,"Annotated Bibliography; Social Mobility; Social Stratification; Educational Inequality; Brazil; Quantitative Methods; Political Economy","",0,"","CostaRibeiro2023","educationalexpansionandclassmobilitytrendsinbrazil","a5f3a80ae008a9cf50d6590ed54024fa","",0,""
"posts/Cunha2003.qmd","bibliography","Fichamento: O ensino superior no oct<U+00EA>nio FHC","Luiz Ant<U+00F4>nio Cunha (2003)","2026-05-03","2026-05-03",FALSE,"Annotated Bibliography; Higher Education; Education Policy/Politics; Private Education","",0,"","Cunha2003","oensinosuperiornoocteniofhc","a7f912054de5e3bc8e2af39ad0c9a94e","",0,""
"posts/Custodio2022.qmd","bibliography","Fichamento: Lei de Cotas: mudan<U+00E7>a estrutural em pol<U+00ED>tica p<U+00FA>blica e vit<U+00F3>ria suprapartid<U+00E1>ria da coaliz<U+00E3>o dos p<U+00E9>s descal<U+00E7>os no parlamento do Brasil","Cust<U+00F3>dio, S. J. (2022). *Lei de Cotas: mudan<U+00E7>a estrutural em pol<U+00ED>tica p<U+00FA>blica e vit<U+00F3>ria suprapartid<U+00E1>ria da coaliz<U+00E3>o dos p<U+00E9>s descal<U+00E7>os no parlamento do Brasil* [Tese de doutorado, Universidade de S<U+00E3>o Paulo].","2026-05-14","2026-05-14",FALSE,"Annotated Bibliography; Political Science; Higher Education Policy; Racial Inequality; Affirmative Action; Brazil; 2022; 2020s","",0,"10.11606/t.8.2022.tde-22092022-152626","Custodio2022","leidecotasmudancaestruturalempoliticapublicaevitoriasuprapartidariadacoalizaodospesdescalcosnoparlamentodobrasil","33a681ba9ff0fdb2ec7fefffe7f2e0d7","",0,""
"posts/DeKadt-GrzymalaBusse2025-Slides-Curto.qmd","slides","Slides: Good Description (executive summary)","O Papel da Descri<U+00E7><U+00E3>o na Ci<U+00EA>ncia Social Emp<U+00ED>rica","9 de agosto de 2026","",FALSE,"","",0,"","","slidesgooddescriptionexecutivesummary","240652c36d401e4a243d5fe5ecae3c2a","",0,""
"posts/DeKadt-GrzymalaBusse2025-Slides.qmd","slides","Slides: Good Description","Uma Teoria da Descri<U+00E7><U+00E3>o na Ci<U+00EA>ncia Social Emp<U+00ED>rica","9 de agosto de 2026","",FALSE,"","",0,"","","slidesgooddescription","a08cff86bed4d50edef02822156ba629","",0,""
"posts/DeKadt-GrzymalaBusse2025.qmd","bibliography","Fichamento: Good Description","de Kadt, D., & Grzymala-Busse, A. (2025). *Good Description* [Working paper]. London School of Economics and Political Science; Stanford University.","2026-07-07","2026-07-07",FALSE,"Annotated Bibliography; Methodology; Political Science; Descriptive Inference; Causal Inference; Research Design; 2025; 2020s","",0,"","DeKadt-GrzymalaBusse2025","gooddescription","c012cd7e95b197ff9dacbce76fd5a07a","",0,""
"posts/Dell2011.qmd","bibliography","Fichamento: Trafficking Networks and the Mexican Drug War","Melissa Dell (2011)","2026-04-19","2026-04-19",FALSE,"Annotated Bibliography; Political Economy; Institutions; Development Economics; Latin America","causal-inference; quantitative-methods",2,"","Dell2011","traffickingnetworksandthemexicandrugwar","4174761676c256230684c566876e5ab7","",0,""
"posts/Della-Porta-Keating2023.qmd","bibliography","Fichamento: Methodological Pluralism in Political Science","Della Porta, D., & Keating, M. (2023)","2026-04-19","2026-04-19",FALSE,"Annotated Bibliography; Methodology","methodological-pluralism; epistemology; philosophy-of-social-sciences",3,"10.1093/oxfordhb/9780192868282.013.75","Della-Porta-Keating2023","methodologicalpluralisminpoliticalscience","3d9385605dc38601a3f41a65210b847d","",0,""
"posts/Dobbin-Schoonhoven2010.qmd","bibliography","Fichamento: An Organizational Sociology of Stanford's Organization Theory Renaissance","Dobbin, F. & Schoonhoven, C. B. (2010)","2026-04-18","2026-04-18",TRUE,"Annotated Bibliography; Institutions","sociology-of-organizations",1,"","Dobbin-Schoonhoven2010","anorganizationalsociologyofstanfordsorganizationtheoryrenaissance","dc85e1c49036a908c4c2ad1229228920","",0,""
"posts/Durham2003.qmd","bibliography","Fichamento: Educa<U+00E7><U+00E3>o superior, p<U+00FA>blica e privada","Durham (2003)","2026-05-05","2026-05-05",FALSE,"Annotated Bibliography; Higher Education; Education Policy/Politics; Historical Institutionalism; Private Education; Brazil","",0,"","Durham2003","educacaosuperiorpublicaeprivada","9cba31e7b01c03f3eca03cdc9209a932","",0,""
"posts/Durham2005.qmd","bibliography","Fichamento: Higher Education, P<U+00FA>blica e Privada","Eunice R. Durham (2005)","2026-05-05","2026-05-05",FALSE,"Annotated Bibliography; Higher Education; Private Education; Historical Institutionalism; Education Policy/Politics","",0,"","Durham2005","highereducationpublicaeprivada","68c4789667e134288bf53f8cffd61f95","",0,""
"posts/Durham2010.qmd","bibliography","Fichamento: A Pol<U+00ED>tica Educacional do Governo Fernando Henrique Cardoso: Uma Vis<U+00E3>o Comparada","Eunice Ribeiro Durham (2010)","2026-05-07","2026-05-07",FALSE,"Annotated Bibliography; Pol<U+00ED>ticas P<U+00FA>blicas; Educa<U+00E7><U+00E3>o; Governo FHC; Avalia<U+00E7><U+00E3>o de Pol<U+00ED>ticas","",0,"","Durham2010","apoliticaeducacionaldogovernofernandohenriquecardosoumavisaocomparada","4e16e47a4024d06aa60d8a9d18bd86fc","",0,""
"posts/Ergen-Kohl2019.qmd","bibliography","Fichamento: Varieties of Economization in Competition Policy","Ergen, T., & Kohl, S. (2019). Varieties of economization in competition policy: institutional change in German and American antitrust, 1960<U+2013>2000. Review of International Political Economy, 26(2), 256<U+2013>286.","2026-07-16","2026-07-16",FALSE,"Annotated Bibliography; Comparative Political Economy; Antitrust Policy; Institutional Change; Comparative; 2019; 2010s","",0,"10.1080/09692290.2018.1563557","Ergen-Kohl2019","varietiesofeconomizationincompetitionpolicy","db1ee937602c1abac1290cb14ae029e7","",0,""
"posts/Fairfield-Charman2017.qmd","bibliography","Fichamento: Explicit Bayesian Analysis for Process Tracing: Guidelines, Opportunities, and Caveats","Fairfield & Charman (2017)","2026-05-03","2026-05-03",FALSE,"Annotated Bibliography; Qualitative Methods; Process Tracing; Bayesianism; Causal Inference; Comparative Politics","",0,"10.1017/pan.2017.14","Fairfield-Charman2017","explicitbayesiananalysisforprocesstracingguidelinesopportunitiesandcaveats","2f2bf43edc1ee9bf95d741b42b270b31","",0,""
"posts/Fairfield-Charman2025.qmd","bibliography","Fichamento: Bayesian Reasoning for Qualitative Replication Analysis","Fairfield, T., & Charman, A. (2025). Bayesian reasoning for qualitative replication analysis: Examples from climate politics. *Political Science Research and Methods*, *14*(2), 414<U+2013>429. https://doi.org/10.1017/psrm.2025.16","2026-05-24","2026-05-24",FALSE,"Annotated Bibliography; Methodology; Bayesian Inference; Qualitative Methods; Causal Inference; 2025; 2020s","",0,"10.1017/psrm.2025.16","Fairfield-Charman2025","bayesianreasoningforqualitativereplicationanalysis","5b8a431151c79182b7c6b8643c04b925","",0,""
"posts/Fairfield-Garay2017.qmd","bibliography","Fichamento: Redistribution Under the Right in Latin America","Fairfield, T., & Garay, C. (2017). Redistribution Under the Right in Latin America: Electoral Competition and Organized Actors in Policymaking. *Comparative Political Studies*, 1<U+2013>36. https://doi.org/10.1177/0010414017695331","2026-05-13","2026-05-13",FALSE,"Annotated Bibliography; Political Economy; Comparative Politics; Welfare State/Social Policy; Tax Policy; Latin America; 2017; 2010s","",0,"10.1177/0010414017695331","Fairfield-Garay2017","redistributionundertherightinlatinamerica","6216582be98a53455073944c47f378e6","",0,""
"posts/Fairfield2013.qmd","bibliography","Fichamento: Going Where the Money Is: Strategies for Taxing Economic Elites in Unequal Democracies","Fairfield, T. (2013). Going where the money is: Strategies for taxing economic elites in unequal democracies. *World Development, 47*, 42<U+2013>57. https://doi.org/10.1016/j.worlddev.2013.02.011","2026-05-25","2026-05-25",FALSE,"Annotated Bibliography; Political Economy; Inequality; Fiscal Sociology; Latin America","",0,"10.1016/j.worlddev.2013.02.011","Fairfield2013","goingwherethemoneyisstrategiesfortaxingeconomicelitesinunequaldemocracies","d81f8249ed8c902dd1fcc79b2b988f4a","",1,"mesmo citekey; tC-tulo normalizado idC*ntico"
"posts/Faleiros2007.qmd","bibliography","Fichamento: Fronteiras do caf<U+00E9>: fazendeiros e 'colonos' no interior paulista (1917-1937)","Faleiros, R. N. (2007). Fronteiras do caf<U+00E9>: fazendeiros e <U+201C>colonos<U+201D> no interior paulista (1917-1937). [Tese de doutorado, Universidade Estadual de Campinas].","2026-06-06","2026-06-06",FALSE,"Annotated Bibliography; Economic History; Labor Relations; Coffee Economy; Brazil; 2007; 2000s","",0,"","Faleiros2007","fronteirasdocafefazendeirosecolonosnointeriorpaulista19171937","76347e44baa224d65ef89e6ce2699894","",0,""
"posts/Falleti2010.qmd","bibliography","Fichamento: Decentralization and Subnational Politics in Latin America","Tulia G. Falleti (2010) <U+2014> Cambridge University Press","2026-05-08","2026-05-08",FALSE,"Annotated Bibliography; Comparative Politics; Decentralization; Latin American Politics; Federalism; Institutional Change","",0,"","Falleti2010","decentralizationandsubnationalpoliticsinlatinamerica","4fd9e53f20d8d67ae3151652241b3765","",0,""
"posts/Feinmann-Rocha2026.qmd","bibliography","Fichamento: Social Mobility and Higher Education: The Role of Elite Public Colleges","Feinmann e Rocha (2026)","2026-04-29","2026-04-29",FALSE,"Annotated Bibliography; Social Mobility; Economics of Education; Inequality; Public Policy; Quantitative Methods; Brazil","",0,"","Feinmann-Rocha2026","socialmobilityandhighereducationtheroleofelitepubliccolleges","e7baf327bb09c48dc1c0e16f37e3022b","",0,""
"posts/Fernandes-etal2024.qmd","bibliography","Fichamento: Acaparamiento de la tierra, del viento y del sol: la formaci<U+00F3>n de un nuevo r<U+00E9>gimen","Fernandes et al. (2024)","2026-05-03","2026-05-03",FALSE,"Annotated Bibliography; Geospatial Analysis; Energy Extraction; Land Conflicts","",0,"","Fernandes-etal2024","acaparamientodelatierradelvientoydelsollaformaciondeunnuevoregimen","d05c2125d769dc8b056309b3a0bc11f6","",0,""
"posts/Fernandes2005.qmd","bibliography","Fichamento: Movimentos socioterritoriais e movimentos socioespaciais: contribui<U+00E7><U+00E3>o te<U+00F3>rica para uma leitura geogr<U+00E1>fica dos movimentos sociais","Bernardo Man<U+00E7>ano Fernandes (2005)","2026-05-08","2026-05-08",FALSE,"Annotated Bibliography; Geografia Pol<U+00ED>tica; Movimentos Sociais; Teoria do Territ<U+00F3>rio; Geografias Cr<U+00ED>ticas; Reforma Agr<U+00E1>ria","",0,"","Fernandes2005","movimentossocioterritoriaisemovimentossocioespaciaiscontribuicaoteoricaparaumaleiturageograficadosmovimentossociais","6842ca8fed00e92517c7e3b1dd747a4c","",0,""
"posts/Ferre2023.qmd","bibliography","Fichamento: Welfare regimes in twenty-first-century Latin America","Ferre (2023)","2026-04-19","2026-04-19",FALSE,"Annotated Bibliography; Political Economy; Welfare State/Social Policy; Latin America","quantitative-methods",1,"10.1017/ics.2023.16","Ferre2023","welfareregimesintwentyfirstcenturylatinamerica","feee3d4fbdee9783c1cc61d157ff36cd","",0,""
"posts/Ferre2024.qmd","bibliography","Fichamento: Introduction to The Political Economy of Welfare in Latin America","Ferre, J. C. (2024)","2026-04-19","2026-04-19",FALSE,"Annotated Bibliography; Political Economy; Welfare State/Social Policy; Latin America","quantitative-methods",1,"10.4337/9781035371341","Ferre2024","introductiontothepoliticaleconomyofwelfareinlatinamerica","b9ba86e1a9781268c728c2dcb453ba72","",0,""
"posts/Filgueira2005.qmd","bibliography","Fichamento: Welfare and Democracy in Latin America: The Development, Crises and Aftermath of Universal, Dual and Exclusionary Social States","Fernando Filgueira (2005)","2026-04-20","2026-04-20",FALSE,"Annotated Bibliography; Political Economy; Welfare State/Social Policy; Latin America","social-policy",1,"","Filgueira2005","welfareanddemocracyinlatinamericathedevelopmentcrisesandaftermathofuniversaldualandexclusionarysocialstates","5e55643cd182430fc5cdcfed5218f32b","",0,""
"posts/Freedman1991.qmd","bibliography","Fichamento: Statistical Models and Shoe Leather","David A. Freedman (1991)","2026-04-20","2026-04-20",FALSE,"Annotated Bibliography; Methodology","causal-inference; regression-models; epidemiology",3,"10.2307/270939","Freedman1991","statisticalmodelsandshoeleather","39201ebb23dfdacfc9871d0c9d54c54c","",0,""
"posts/Fulge2022.qmd","bibliography","Fichamento: The Political Economy of Higher Education: Preferences, Inequality, and Policy Change","Timm Fulge (2022)","2026-04-20","2026-04-20",FALSE,"Annotated Bibliography; Political Economy; Education Policy/Politics; Inequality","institutional-change; multilevel-methods",2,"","Fulge2022","thepoliticaleconomyofhighereducationpreferencesinequalityandpolicychange","c82b55d68087d535047f3f9e60710c0a","",0,""
"posts/Furuta-Yang2024.qmd","bibliography","Fichamento: International political context and institutional authority over the curriculum: Cross-national trends in curricular centralization, 1960-2020","Furuta, J., & Yang, M. (2024). International political context and institutional authority over the curriculum: Cross-national trends in curricular centralization, 1960-2020. *International Journal of Comparative Sociology*, 1<U+2013>26.","2025-01-15","2025-01-15",FALSE,"Annotated Bibliography; Sociology of Education; Political Sociology; Curriculum Centralization; Institutional Theory; Comparative Education; Comparative; 2024; 2020s","",0,"","Furuta-Yang2024","internationalpoliticalcontextandinstitutionalauthorityoverthecurriculumcrossnationaltrendsincurricularcentralization19602020","82cb2bf2fa389c847a0bb56b79631361","",0,""
"posts/Garritzmann-Seng2026.qmd","bibliography","Fichamento: The politics of mass higher education <U+2013> what role have political parties played in the expansion of higher education enrolment?","Garritzmann & Seng (2026)","2026-04-18","2026-04-18",FALSE,"Annotated Bibliography; Education Policy/Politics; Party Politics; Comparative Politics","quantitative-methods",1,"10.1080/03050068.2026.2656040","Garritzmann-Seng2026","thepoliticsofmasshighereducationwhatrolehavepoliticalpartiesplayedintheexpansionofhighereducationenrolment","2543af69d077f202289bcdc228cade45","",0,""
"posts/Garritzmann-etal2021.qmd","bibliography","Fichamento: Social Investment","Garritzmann, H<U+00E4>usermann e Palier (2021)","2026-04-23","2026-04-23",FALSE,"Annotated Bibliography; Welfare State/Social Policy; Political Economy; Social Investment","",0,"","Garritzmann-etal2021","socialinvestment","5d4b266a50dad4a8786e01cdc32a22ee","",0,""
"posts/Garritzmann2016.qmd","bibliography","Fichamento: The Political Economy of Higher Education Finance","Garritzmann, Julian L. (2016) <U+2014> Palgrave Macmillan","2026-05-09","2026-05-09",FALSE,"Annotated Bibliography; Political Economy; Comparative Politics; Higher Education Policy; Welfare State/Social Policy; Historical Institutionalism","",0,"10.1007/978-3-319-29913-6","Garritzmann2016","thepoliticaleconomyofhighereducationfinance","8297f925fbf626a997448ef836999662","",0,""
"posts/Garritzmann2026.qmd","bibliography","Fichamento: From Educational Conflicts to an Educational Cleavage: The Multiple Transformations of Educational Conflicts","Garritzmann (2026)","2026-04-28","2026-04-28",FALSE,"Annotated Bibliography; Political Economy; Education Policy/Politics; Party Politics; Political Sociology; Historical Institutionalism","",0,"10.1080/01402382.2025.xxxxx","Garritzmann2026","fromeducationalconflictstoaneducationalcleavagethemultipletransformationsofeducationalconflicts","06979ef49726c2fa6a723970dab4bea2","",0,""
"posts/Gingrich-Giudici2023-2026-04-18.qmd","bibliography","Fichamento: Education as a tool of social equality?","Gingrich, J.; Giudici, A. (2023)","2026-04-18","",FALSE,"Annotated Bibliography; Education Policy/Politics; Welfare State/Social Policy; Party Politics; Comparative Politics","",0,"10.1111/spol.12878","Gingrich-Giudici2023","educationasatoolofsocialequality","7e8246b6a4524de0cce1691e29c4ef8b","",0,""
"posts/Gingrich-Giudici2025-Who-Polarises.qmd","bibliography","Fichamento: Who polarises? Who targets? Parties' educational speech over the long run","Jane Gingrich & Anja Giudici (2025)","2026-04-19","2026-04-19",FALSE,"Annotated Bibliography; Party Politics; Education Policy/Politics","quantitative-methods",1,"10.1111/1475-6765.12747","Gingrich-Giudici2025","whopolariseswhotargetspartieseducationalspeechoverthelongrun","71adfeb0639cdcad7c01060f13a546ca","",0,""
"posts/Gomes-etal2019.qmd","bibliography","Fichamento: Governos Partid<U+00E1>rios e Pol<U+00ED>ticas Educacionais no Brasil do S<U+00E9>culo XXI","Gomes, S., Silva, A. L. N. da, & Oliveira, F. C. (2019). Governos partid<U+00E1>rios e pol<U+00ED>ticas educacionais no Brasil do s<U+00E9>culo XXI: a efic<U+00E1>cia da democracia. In M. Arretche, V. Marques, & F. Faria (Orgs.), *As pol<U+00ED>ticas da pol<U+00ED>tica: desigualdades e inclus<U+00E3>o nos governos do PSDB e do PT*. Editora Unesp.","2026-05-13","2026-05-13",TRUE,"Annotated Bibliography; Political Science; Education Policy; Welfare State/Social Policy; Brazil; 2019; 2010s","",0,"","Gomes-etal2019","governospartidariosepoliticaseducacionaisnobrasildoseculoxxi","a28de92aa13145619fab13e90ed3b164","",0,""
"posts/Gomes2024.qmd","bibliography","Fichamento: Direita e esquerda explicam as escolhas de pol<U+00ED>ticas p<U+00FA>blicas para a educa<U+00E7><U+00E3>o superior no Brazil","Gomes (2024)","2026-05-03","2026-05-03",FALSE,"Annotated Bibliography; Public Policy; Higher Education; Comparative Politics; Party Politics","",0,"10.1590/1678-98732432e012","Gomes2024","direitaeesquerdaexplicamasescolhasdepoliticaspublicasparaaeducacaosuperiornobrazil","5556a6bb5f8ef9ba1f2fd048c774e2c8","",0,""
"posts/Grisa-Schneider2014.qmd","bibliography","Fichamento: Tr<U+00EA>s Gera<U+00E7><U+00F5>es de Public Policy para a Rural Development e Formas de Intera<U+00E7><U+00E3>o entre Sociedade e Estado no Brazil","Catia Grisa e Sergio Schneider (2014)","2026-04-23","2026-04-23",FALSE,"Annotated Bibliography; Public Policy; Rural Development; Development Economics Rural; State-Society Relations; Reference","",0,"10.1590/s0103-20032014000200007","Grisa-Schneider2014","tresgeracoesdepublicpolicyparaaruraldevelopmenteformasdeinteracaoentresociedadeeestadonobrazil","6aaf93e0d925db6e7f69d3bc09960b2b","",0,""
"posts/Haber-Horrillo2022.qmd","bibliography","Fichamento: The Ecological Origins of Economic and Political Systems","Stephen Haber, Roy Elis, and Jordan Horrillo (2022)","2026-04-20","2026-04-20",FALSE,"Annotated Bibliography; Development Economics; Institutional Economics; Historical Political Economy; Geospatial Analysis; Economic Growth","",0,"","Haber-Horrillo2022","theecologicaloriginsofeconomicandpoliticalsystems","c448a758e975b18ebc436165d7ebce15","",0,""
"posts/Haber2000Cap1.qmd","bibliography","Fichamento: Introduction: Institutional Change, Economic Growth, and Economic History","Haber, Stephen (2000)","2026-04-24","2026-04-24",FALSE,"Annotated Bibliography; Institutional Economics; Political Economy; Economic History da Latin America; Institutional Change; Economic Growth","",0,"","Haber2000","introductioninstitutionalchangeeconomicgrowthandeconomichistory","15ca6f6d0b9b8b6b2b52cda4bff31b96","",0,""
"posts/Haber2000Cap3.qmd","bibliography","Fichamento: The Political Economy of Financial Market Regulation and Industrial Productivity Growth in Brazil, 1866<U+2013>1934","Haber, S. H. (2000)","2026-04-25","2026-04-25",FALSE,"Annotated Bibliography; Economic History; Political Economy; Development Economics; Brazil; Financial Markets","",0,"","Haber2000Cap3","thepoliticaleconomyoffinancialmarketregulationandindustrialproductivitygrowthinbrazil18661934","2b65dbe9cfc6c15956dd48755643678c","",0,""
"posts/HardingStasavage2013.qmd","bibliography","Fichamento: What Democracy Does (and Doesn<U+2019>t Do) for Basic Services: School Fees, School Inputs, and African Elections","Harding, R., & Stasavage, D. (2013). What Democracy Does (and Doesn<U+2019>t Do) for Basic Services: School Fees, School Inputs, and African Elections. *The Journal of Politics, 76*(1), 229<U+2013>245.","2026-06-06","2026-06-06",FALSE,"Annotated Bibliography; Political Economy; Democracy; Education Policy; Accountability; Africa; 2013; 2010s","",0,"10.1017/s0022381613001254","HardingStasavage2013","whatdemocracydoesanddoesntdoforbasicservicesschoolfeesschoolinputsandafricanelections","fcd3e3041f6b2da194e6bd7007792f93","",0,""
"posts/Hecksher-Barbosa2025.qmd","bibliography","Fichamento: Estima<U+00E7><U+00E3>o de meses exatos para os microdados e as s<U+00E9>ries por trimestre m<U+00F3>vel da PNAD Cont<U+00ED>nua","Hecksher, M. & Barbosa, R. J. (2025) <U+2014> SocArXiv preprint / REBEP","2026-05-08","2026-05-08",FALSE,"Annotated Bibliography; Survey Methodology; Applied Statistics; Labor Markets; Temporal Disaggregation; Brazil","",0,"10.31235/osf.io/","Hecksher-Barbosa2025","estimacaodemesesexatosparaosmicrodadoseasseriesportrimestremoveldapnadcontinua","8b9abb5f5a80bd94767f5ea416ef39b7","",0,""
"posts/Hemerijck-Fernandes2025.qmd","bibliography","Fichamento: The Economic Dividend of Social Investment","Hemerijck, A. & Fernandes, D. (2025)","2026-04-21","2026-04-21",FALSE,"Annotated Bibliography; Political Economy; Welfare State/Social Policy; Social Investment; Quantitative Methods","",0,"","Hemerijck-Fernandes2025","theeconomicdividendofsocialinvestment","40113646a4389610d44ad4a3d9c27073","",0,""
"posts/Hemerijck2013Cap1.qmd","bibliography","Fichamento: The Adaptive Capacities of Welfare State/Social Policys","Hemerijck (2013)","2026-04-23","2026-04-23",FALSE,"Annotated Bibliography; Welfare State/Social Policy; Political Economy; European Integration","",0,"","Hemerijck2013","theadaptivecapacitiesofwelfarestatesocialpolicys","fbae70e1b4462441e75b0ecb2f21062b","",1,"mesmo citekey"
"posts/Hemerijck2013Cap5.qmd","bibliography","Fichamento: Three Waves of Transformative Welfare State/Social Policy Change","Hemerijck, A. (2013)","2026-04-23","2026-04-23",FALSE,"Annotated Bibliography; Welfare State/Social Policy; Political Economy; Comparative Politics; Ideational Change","",0,"","Hemerijck2013","threewavesoftransformativewelfarestatesocialpolicychange","d805861c804b039f295abaeffedbe9fd","",1,"mesmo citekey"
"posts/Hemerijck2017.qmd","bibliography","Fichamento: Social Investment and Its Critics","Hemerijck (2017)","2026-04-23","2026-04-23",FALSE,"Annotated Bibliography; Political Sociology; Public Policy; Welfare State/Social Policy","",0,"","Hemerijck2017","socialinvestmentanditscritics","6f440e2d4a27a0fb6716c117b4a7ec75","",0,""
"posts/Holland-Schneider2017.qmd","bibliography","Fichamento: Easy and Hard Redistribution: The Political Economy of Welfare State/Social Policys in Latin America","Holland, A. C. & Schneider, B. R. (2017)","2026-04-23","2026-04-23",FALSE,"Annotated Bibliography; Political Economy; Welfare State/Social Policy; Latin America; Coalition Analysis","",0,"10.1017/s1537592717002122","Holland-Schneider2017","easyandhardredistributionthepoliticaleconomyofwelfarestatesocialpolicysinlatinamerica","732b56b0d440d22640450aa359060062","",0,""
"posts/Horn-etal2026.qmd","bibliography","Fichamento: Why Inequalities Persist: Parties' (Non)Responses to Economic Inequality, 1970<U+2013>2020","Horn, A., Haselmayer, M., & Kl<U+00FC>ser, K. J. (2026). Why inequalities persist: Parties' (non)responses to economic inequality, 1970<U+2013>2020. *American Political Science Review*, *120*(1), 346<U+2013>364. https://doi.org/10.1017/S0003055425100907","2026-05-22","2026-05-22",FALSE,"Annotated Bibliography; Political Economy; Comparative Politics; Inequality; Party Politics; Welfare State/Social Policy; Western Europe; 2026; 2020s","",0,"10.1017/s0003055425100907","Horn-etal2026","whyinequalitiespersistpartiesnonresponsestoeconomicinequality19702020","8e9e24fb6c4f2fe5f6cea2126e4253ff","",0,""
"posts/Htun2004.qmd","bibliography","Fichamento: From <U+201C>Racial Democracy<U+201D> to Affirmative Action: Changing State Policy on Race in Brazil","Htun (2004). From <U+201C>Racial Democracy<U+201D> to Affirmative Action: Changing State Policy on Race in Brazil.","2026-06-06","2026-06-06",FALSE,"Annotated Bibliography; Political Economy; Comparative Politics; Race and Ethnicity; Affirmative Action; Brazil; 2004; 2000s","",0,"10.1353/lar.2004.0010","Htun2004","fromracialdemocracytoaffirmativeactionchangingstatepolicyonraceinbrazil","1ad6de56388abdf19ebd4d4243b7bf2b","",0,""
"posts/Huber-Stephens2001.qmd","bibliography","Fichamento: Development and Crisis of the Welfare State","Huber, E., & Stephens, J. D. (2001). *Development and crisis of the welfare state: Parties and policies in global markets*. University of Chicago Press.","2026-05-13","2026-05-13",FALSE,"Annotated Bibliography; Comparative Politics; Political Economy; Welfare State/Social Policy; Western Europe; 2001; 2000s","",0,"","Huber-Stephens2001","developmentandcrisisofthewelfarestate","8674a1c421668915c513c32d46c57f7e","",0,""
"posts/Inglot2008Cap1.qmd","bibliography","Fichamento: The Welfare State/Social Policy in East Central Europe <U+2014> A Conceptual and Theoretical Reconsideration","Inglot (2008)","2026-04-23","2026-04-23",FALSE,"Annotated Bibliography; Welfare State/Social Policy; Historical Institutionalism; Central and Eastern Europe; Path Dependence","",0,"","Inglot2008","thewelfarestatesocialpolicyineastcentraleuropeaconceptualandtheoreticalreconsideration","d4e11ae9ba830e670b2481dbe86a9b9e","",1,"mesmo citekey"
"posts/Inglot2008Intro.qmd","bibliography","Fichamento: Introduction <U+2014> Understanding Past and Present Welfare State/Social Policy Development in East Central Europe","Inglot (2008)","2026-04-23","2026-04-23",FALSE,"Annotated Bibliography; Comparative Politics; Welfare State/Social Policy; Historical Institutionalism; Central and Eastern Europe; Post-communism","",0,"","Inglot2008","introductionunderstandingpastandpresentwelfarestatesocialpolicydevelopmentineastcentraleurope","94d406208d42cfb7b62f231ce6574677","",1,"mesmo citekey"
"posts/Iversen-Stephens2008.qmd","bibliography","Fichamento: Partisan Politics, the Welfare State, and Three Worlds of Human Capital Formation","Iversen, T., & Stephens, J. D. (2008). Partisan politics, the welfare state, and three worlds of human capital formation. *Comparative Political Studies*, *41*(4/5), 600<U+2013>637. https://doi.org/10.1177/0010414007313117","2026-05-12","2026-05-12",FALSE,"Annotated Bibliography; Political Economy; Welfare State/Social Policy; Education Policy; Comparative Politics; 2008; 2000s","",0,"10.1177/0010414007313117","Iversen-Stephens2008","partisanpoliticsthewelfarestateandthreeworldsofhumancapitalformation","e1e105c051262fe7646aef0bbc639ffb","",0,""
"posts/Jackson2021.qmd","bibliography","Fichamento: Expansion, Enrollment, and Inequality of Educational Opportunity","Jackson, M. (2021) <U+2014> Sociological Methods & Research, 50(3), 1215<U+2013>1242","2026-05-08","2026-05-08",FALSE,"Annotated Bibliography; Sociology of Education; Social Stratification; Educational Inequality; Higher Education; United States","causal-inference; directed-acyclic-graphs; enrollment-rates; allocation-rules; maximally-maintained-inequality; class-origin; institutional-gatekeeping; valence-model",8,"10.1177/0049124119852376","Jackson2021","expansionenrollmentandinequalityofeducationalopportunity","115971835169077f00ca3d703ccefa56","",0,""
"posts/Kang-etal2021.qmd","bibliography","Fichamento: Late and unequal: measuring enrolments and retention in Brazilian education, 1933<U+2013>2010","Kang, Paese & Felix (2021)","2026-04-19","2026-04-19",FALSE,"Annotated Bibliography; Economics of Education; Development Economics; Inequality; Brazil","economic-history; quantitative-methods",2,"10.1017/s0212610921000112","KangPaeseFelix2021","lateandunequalmeasuringenrolmentsandretentioninbrazilianeducation19332010","35b83f240f9892d60072577da64ae84f","",1,"mesmo DOI"
"posts/Katz2001.qmd","bibliography","Fichamento: From How to Why <U+2014> On Luminous Description and Causal Inference in Ethnography (Part I)","Katz, J. (2001). From how to why: On luminous description and causal inference in ethnography (Part I). *Ethnography*, *2*(4), 443<U+2013>473. https://doi.org/10.1177/14661381010020040<U+200B>13","2026-05-10","2026-05-10",FALSE,"Annotated Bibliography; Methodology; Qualitative Methods; Causal Inference; Ethnography; 2001; 2000s","",0,"10.1177/14661381010020040","Katz2001","fromhowtowhyonluminousdescriptionandcausalinferenceinethnographyparti","1ee55093707d8bb6f7e41310bc835613","",0,""
"posts/Kenworthy2025Chp1.qmd","bibliography","Fichamento: Inequality Isn't the Problem","Kenworthy, L. (2025). Inequality isn't the problem.","2026-05-06","2026-05-06",FALSE,"Annotated Bibliography; Inequality; Political Economy; Welfare State/Social Policy; Quantitative Methods","",0,"10.1093/oso/9780197817094.001.0001","Kenworthy2025Chp1","inequalityisnttheproblem","ced0e451d606d8ca1114894d89c35c6d","",0,""
"posts/Kenworthy2025Chp2.qmd","bibliography","Fichamento: Is Income Inequality Bad for Living Standards?","Kenworthy, L. (2025). Is income inequality bad for living standards?)","2026-05-06","2026-05-06",FALSE,"Annotated Bibliography; Inequality de Renda; Living Standards; Comparative Politics; Quantitative Methods; Political Economy","",0,"10.1093/oso/9780197693445.003.0003","Kenworthy2025Ch2","isincomeinequalitybadforlivingstandards","5a5a3a4e471296d88db1769ca9d83214","",0,""
"posts/Kenworthy2025Chp3.qmd","bibliography","Fichamento: Does Income Inequality Degrade Democracy?","Kenworthy, L. (2025). Does income inequality degrade democracy?","2026-05-06","2026-05-06",FALSE,"Annotated Bibliography; Inequality; Democracy; Political Influence; Political Economy; Quantitative Methods","",0,"10.1093/book/9780197756317","Kenworthy2025Chp3","doesincomeinequalitydegradedemocracy","c72aaccefa1e7ea809d411d80db7f724","",0,""
"posts/Kim2024.qmd","bibliography","Fichamento: Political Economy of Skill Formation and Gender Bias in Skills and Employment in Hierarchical Market Economies: The Case of Thailand","Jaewon Kim (2024)","2026-05-06","2026-05-06",FALSE,"Annotated Bibliography; Comparative Political Economy; Skill Formation; Gender and Labor Markets; Vocational Education and Training; Thailand","",0,"10.1163/24714607-bja10155","Kim2024","politicaleconomyofskillformationandgenderbiasinskillsandemploymentinhierarchicalmarketeconomiesthecaseofthailand","1f5905ed315c30b8b330e7f86617d199","",0,""
"posts/Knopf2006.qmd","bibliography","Reading Notes: How to Write a Literature Review","Knopf (2006)","2026-04-19","2026-04-19",FALSE,"Annotated Bibliography; Methodology","academic-writing; graduate-pedagogy; knowledge-production",3,"10.1017/s1049096506060264","Knopf2006","readingnoteshowtowritealiteraturereview","1741bf2f964e39a92a400686a55cf5b0","",0,""
"posts/Kosack2013.qmd","bibliography","Fichamento: The Logic of Pro-Poor Policymaking: Political Entrepreneurship and Mass Education","Stephen Kosack (2013)","2026-04-28","2026-04-28",FALSE,"Annotated Bibliography; Comparative Politics; Political Economy; Education Policy/Politics; Development Economics; Case Study","",0,"10.1017/s0007123412000695","Kosack2013","thelogicofpropoorpolicymakingpoliticalentrepreneurshipandmasseducation","205d56378bc1c0ac3a002654542178a3","",0,""
"posts/Leao-Eyal2022.qmd","bibliography","Fichamento: Em Busca do Padr<U+00E3>o-Ouro? O Percurso Hist<U+00F3>rico do Uso de Experimentos na Avalia<U+00E7><U+00E3>o de Pol<U+00ED>ticas Sociais","Cap<U+00ED>tulo 8 de: Le<U+00E3>o, L. S., & Eyal, G. (2022). Em busca do padr<U+00E3>o-ouro? O percurso hist<U+00F3>rico do uso de experimentos na avalia<U+00E7><U+00E3>o de pol<U+00ED>ticas sociais. In N. M. Koga, P. L. M. Palotti, J. Mello, & M. M. S. Pinheiro (Orgs.), *Pol<U+00ED>ticas p<U+00FA>blicas e usos de evid<U+00EA>ncias no Brasil: conceitos, m<U+00E9>todos, contextos e pr<U+00E1>ticas* (pp. 285<U+2013>310). Ipea.","2026-05-13","2026-05-13",FALSE,"Annotated Bibliography; Sociology of Knowledge; Evidence-Based Policy; Causal Inference; Methodology; Brazil; 2022; 2020s","",0,"10.38116/978-65-5635-032-5/capitulo8","Leao-Eyal2022","embuscadopadraoouroopercursohistoricodousodeexperimentosnaavaliacaodepoliticassociais","7f143d856a1ef28c18667ec4f6369a1f","",0,""
"posts/Leao2022.qmd","bibliography","Fichamento: Optics of the State: The Politics of Making Poverty Visible in Brazil and Mexico","Le<U+00E3>o, L. de S. (2022). Optics of the State: The Politics of Making Poverty Visible in Brazil and Mexico. *American Sociological Review*, 87(5), 801<U+2013>832.","2026-05-13","2026-05-13",FALSE,"Annotated Bibliography; Political Sociology; State Theory; Welfare State/Social Policy; Comparative; 2022; 2020s","",0,"10.1177/00031224221121614","Leao2022","opticsofthestatethepoliticsofmakingpovertyvisibleinbrazilandmexico","22ec0ba82cd49dab987c604e40e2dba2","",0,""
"posts/Lichand-etal2026.qmd","bibliography","Fichamento: Measuring Elite Capture of the Education Earnings Premium: The Carnoy index","Lichand et al. (2026)","2026-04-19","2026-04-19",FALSE,"Annotated Bibliography; Educational Inequality; Education Policy/Politics; Elite Capture; Index; Economics of Education","",0,"","Lichand-etal2026","measuringelitecaptureoftheeducationearningspremiumthecarnoyindex","fde76ad6c0ddc9a77be54f6072f152ce","",0,""
"posts/Limongi-etal2021.qmd","bibliography","Fichamento: Government and Congress","Limongi, Freitas, Medeiros e Luz (2021)","2026-05-01","2026-05-01",FALSE,"Annotated Bibliography; Coalitional Presidentialism; Brazil; Legislative Analysis; Authoritarianism","",0,"","","governmentandcongress","64bab9116e5be1fbb76779d2cb460cdb","",0,""
"posts/Lupu-Pontusson2023Chp-1.qmd","bibliography","Fichamento: The Political Puzzle of Rising Inequality","Lupu, N. & Pontusson, J. (2023)","2026-04-17","",FALSE,"Annotated Bibliography; Political Economy; Welfare State/Social Policy; Comparative Politics/Political Economy","",0,"10.1017/9781009428682.001","Lupu-Pontusson2023","thepoliticalpuzzleofrisinginequality","337a8c3bdaa214f347db24ef3a295859","",1,"tC-tulo normalizado idC*ntico"
"posts/Mariscal-Sokoloff2000.qmd","bibliography","Fichamento: Schooling, Suffrage, and the Persistence of Inequality in the Americas, 1800<U+2013>1945","Mariscal & Sokoloff (2000)","2026-04-29","2026-04-29",FALSE,"Annotated Bibliography; Historical Political Economy; Inequality; History of Education; Latin America; Development Economics de Longo Prazo","",0,"","Mariscal-Sokoloff2000","schoolingsuffrageandthepersistenceofinequalityintheamericas18001945","49724bec310d7b5c5a71642032385a51","",0,""
"posts/Martins2012.qmd","bibliography","Fichamento: O Cativeiro da Terra","Martins, J. de S. (2012). *O cativeiro da terra* (9<U+00AA> ed., revista e ampliada). Editora Contexto.","2026-06-07","2026-06-07",FALSE,"Annotated Bibliography; Historical Sociology; Political Economy; Labor Relations; Coffee Economy; Social Stratification; Brazil; 2012; 2010s","",0,"","Martins2012","ocativeirodaterra","115b650d6d88989b6d392dc5687f25f5","",0,""
"posts/Marx1998.qmd","bibliography","Fichamento: Making Race and Nation","Marx, A. W. (1998). *Making Race and Nation: A Comparison of South Africa, the United States, and Brazil*. Cambridge University Press.","2026-06-06","2026-06-06",FALSE,"Annotated Bibliography; Comparative Politics; Race and Ethnic Politics; Historical Institutionalism; Nation-State Building; 1998; 1990s","",0,"","Marx1998","makingraceandnation","7e2b35952c66bd794a1093d0c76cfa91","",0,""
"posts/Mazzuca2021.qmd","bibliography","Fichamento: Latecomer State Formation <U+2014> Political Geography and Capacity Failure in Latin America","Mazzuca (2021)","2026-04-19","2026-04-19",FALSE,"Annotated Bibliography; Institutions; Methodology; Latin America","",0,"","Mazzuca2021","latecomerstateformationpoliticalgeographyandcapacityfailureinlatinamerica","f4632846a6e2442e47b51030e4a44b4e","",0,""
"posts/Meek-etal2024.qmd","bibliography","Fichamento: Race and the political ecology of education in Brazil","Meek, D., Daquin, J., Girardi, E. P., Fernandes, B. M., Sobreiro do Filho, J., Tarlau, R., & Vuelta, R. (2024). Race and the political ecology of education in Brazil: A spatial analysis of rural school closures. *Journal of Political Ecology*, *31*. https://doi.org/[n<U+00E3>o informado no PDF]","2026-05-14","2026-05-14",FALSE,"Annotated Bibliography; Political Ecology; Education Policy; Race and Inequality; Brazil; 2024; 2020s","",0,"","Meek-etal2024","raceandthepoliticalecologyofeducationinbrazil","4bcc3068dbdb03fe11946dc42917ff37","",0,""
"posts/Mello2022.qmd","bibliography","Mello (2022) <U+2014> Centralized Admissions, Affirmative Action and Access of Low-Income Students to Higher Education","","2026-03-17","",FALSE,"Descriptive Note; Economics of Education; Inequality; Brazil","affirmative-action; causal-inference",2,"","Mello2022","mello2022centralizedadmissionsaffirmativeactionandaccessoflowincomestudentstohighereducation","c1a0b6346c24163cd3b91718c6b1a81c","",0,""
"posts/Mello2023.qmd","bibliography","Fichamento: Affirmative Action and the Choice of Schools","Ursula Mello (2023)","2026-04-19","2026-04-19",FALSE,"Annotated Bibliography; Economics of Education; Inequality; Brazil","affirmative-action; tertiary-education; causal-inference",3,"","Mello2023","affirmativeactionandthechoiceofschools","cfb193f9af9bbd79cf2e130a5d7c7e6d","",0,""
"posts/Moe-Wiborg2017.qmd","bibliography","Fichamento: Introduction","Moe, T. M. & Wiborg, S. (2017)","2026-04-25","2026-04-25",TRUE,"Annotated Bibliography; Education Policy/Politics; Teacher Unionism; Vested Interests; Institutional Change; Path Dependence","",0,"10.1017/9781316717653.001","Moe-Wiborg2017","introduction","d5473e9e7fa53abab95bfe6080186193","",0,""
"posts/MontAlvaoNeto2016.qmd","bibliography","Fichamento: Expans<U+00E3>o, diferencia<U+00E7><U+00E3>o e desigualdades no ensino superior","Mont'Alv<U+00E3>o Neto, Arnaldo Lopo (2016) <U+2014> Revista Brasileira de Ci<U+00EA>ncias Sociais, Vol. 31, n<U+00B0> 92","2026-05-08","2026-05-08",FALSE,"Annotated Bibliography; Sociology of Education; Inequality; Higher Education Policy; Brazil","",0,"10.7666/319211/2016","MontAlvaoNeto2016","expansaodiferenciacaoedesigualdadesnoensinosuperior","4c2e844277013837c15bb3e68075e5ae","",0,""
"posts/Naritomi-etal2009.qmd","bibliography","Fichamento: Institutional Development and Colonial Heritage within Brazil","Naritomi, Soares & Assun<U+00E7><U+00E3>o (2009)","2026-04-19","2026-04-19",FALSE,"Annotated Bibliography; Political Economy; Institutions; Development Economics; Brazil","economic-history",1,"","Naritomi-etal2009","institutionaldevelopmentandcolonialheritagewithinbrazil","0d39c3d5fd7f3aa0421b2adb75a2b1f0","",0,""
"posts/Neves-etal2018.qmd","bibliography","Fichamento: A institucionaliza<U+00E7><U+00E3>o da pesquisa sobre ensino superior no Brazil","Neves, Sampaio & Heringer (2018)","2026-05-03","2026-05-03",FALSE,"Annotated Bibliography; Higher Education; Sociology of Education; Research Institutionalization; Brazil","",0,"10.20336/rbs.243","Neves-etal2018","ainstitucionalizacaodapesquisasobreensinosuperiornobrazil","65427def3f46d81a0126d31c894b7509","",0,""
"posts/Obinger-Petersen2014.qmd","bibliography","Fichamento: Mass Warfare and the Welfare State/Social Policy: Causal Mechanisms and Effects","Obinger, H. & Petersen, K. (2014)","2026-04-30","2026-04-30",FALSE,"Annotated Bibliography; Welfare State/Social Policy; Comparative Politics; Historical Institutionalism; Political Economy","",0,"10.1017/s0007123415000162)","Obinger-Petersen2014","masswarfareandthewelfarestatesocialpolicycausalmechanismsandeffects","f40b35e6588c96564504bc823773bdab","",0,""
"posts/Offner2019.qmd","bibliography","Fichamento: Sorting Out the Mixed Economy: The Rise and Fall of Welfare and Developmental States in the Americas","Amy C. Offner (2019)","2026-04-29","2026-04-29",FALSE,"Annotated Bibliography; Political Economy; Historical Sociology; Transnational History; Latin America; Welfare State/Social Policy/Welfare State/Social Policy","",0,"","Offner2019","sortingoutthemixedeconomytheriseandfallofwelfareanddevelopmentalstatesintheamericas","75708c66379a9668305183d266916541","",0,""
"posts/Palier-etal2022.qmd","bibliography","Fichamento: How Democracies Transform Their Welfare States","Palier, B., Garritzmann, J. L., H<U+00E4>usermann, S., & Fioritto, F. (2022). How democracies transform their welfare states: The reform trajectories and political coalitions of inclusive, stratified, and targeted social investment strategies in capitalist democracies. In J. L. Garritzmann, S. H<U+00E4>usermann, & B. Palier (Eds.), *The world politics of social investment (Volume II): The politics of varying social investment strategies* (pp. 402<U+2013>475). Oxford University Press. https://doi.org/10.1093/oso/9780197601457.003.0017","2026-06-29","2026-06-29",FALSE,"Annotated Bibliography; Comparative Politics; Political Economy; Welfare State/Social Policy; Social Investment; Coalition Analysis; Comparative; 2022; 2020s","",0,"10.1093/oso/9780197601457.003.0017","Palier-etal2022","howdemocraciestransformtheirwelfarestates","500262913b5b078c754fefba4ba6b99d","",0,""
"posts/Pengl-etal2026.qmd","bibliography","Fichamento: The Train Wrecks of Modernization: Railway Construction and Separatist Mobilization in Europe","Pengl, M<U+00FC>ller-Crepon, Valli, Cederman e Girardin (2026) <U+2014> American Political Science Review","2026-05-09","2026-05-09",FALSE,"Annotated Bibliography; Comparative Politics; Political Economy; Nationalism and Ethnicity; State Building; Western Europe","",0,"10.1017/s0003055425000048","Pengl-etal2026","thetrainwrecksofmodernizationrailwayconstructionandseparatistmobilizationineurope","00ca029d5aa1fb7fbc5d63802a7543d2","",0,""
"posts/Pierson2004.qmd","bibliography","Fichamento: Politics in Time: History, Institutions, and Social Analysis","Pierson, P. (2004). *Politics in Time: History, Institutions, and Social Analysis*. Princeton University Press.","2026-05-21","2026-05-21",FALSE,"Annotated Bibliography; Historical Institutionalism; Institutional Change; Path Dependence; Temporal Analysis; Political Science; Comparative; 2004; 2000s","",0,"","Pierson2004","politicsintimehistoryinstitutionsandsocialanalysis","d77fcf6bf2ffe7bca27c0d8d2f530de5","",0,""
"posts/Ray-Pontusson2023.qmd","bibliography","Fichamento: Trade Unions and Left Parties in Sweden 1986<U+2013>2018","Ray & Pontusson (2023)","2026-05-06","2026-05-06",FALSE,"Annotated Bibliography; Sindicalismo Comparado; Comportamento Eleitoral; Socialdemocracia; Political Economy; Welfare State/Social Policy","",0,"","Ray-Pontusson2023","tradeunionsandleftpartiesinsweden19862018","5ae406de4696475814a7b9cb16972995","",0,""
"posts/Roza2023.qmd","bibliography","Fichamento: As pol<U+00ED>ticas de expans<U+00E3>o e democratiza<U+00E7><U+00E3>o da educa<U+00E7><U+00E3>o superior no Brasil reduziram desigualdades?","Roza, A. A. F. (2023) <U+2014> Disserta<U+00E7><U+00E3>o de Mestrado, FFLCH/USP","2026-05-08","2026-05-08",FALSE,"Annotated Bibliography; Higher Education Policy; Inequality; Brazil","horizontal-stratification; affirmative-action; enade; cluster-analysis; maximally-maintained-inequality; effectively-maintained-inequality; prouni; fies; lei-de-cotas; descriptive-analysis",10,"","Roza2023","aspoliticasdeexpansaoedemocratizacaodaeducacaosuperiornobrasilreduziramdesigualdades","e29ec81eca0d27e1ff7da79651eb3081","",0,""
"posts/Salata-Cheung2025.qmd","bibliography","Fichamento: Does more education lower the barriers to social mobility? An analysis of three birth cohorts during a period of educational expansion in Brazil","Salata, A. e Cheung, S. Y. (2025)","2026-04-18","2026-04-18",FALSE,"Annotated Bibliography; Inequality; Brazil; Sociology of Education; Social Stratification; Quantitative Methods","tertiary-education; quantitative-methods",2,"10.1093/esr/jcaf049","Salata-Cheung2025","doesmoreeducationlowerthebarrierstosocialmobilityananalysisofthreebirthcohortsduringaperiodofeducationalexpansioninbrazil","c78bf7db2527509b3fccbf504baf86c5","",0,""
"posts/Scheve-Stasavage2017.qmd","bibliography","Fichamento: Wealth Inequality and Democracy","Scheve & Stasavage (2017)","2026-04-23","2026-04-23",FALSE,"Annotated Bibliography; Political Economy; Inequality de Riqueza; Democracy; Quantitative Methods; Redistribution","",0,"10.1146/annurev-polisci-061014-101840","Scheve-Stasavage2017","wealthinequalityanddemocracy","441e7cb9d56d15e0dafd0bded7f882a6","",0,""
"posts/Schwartzman2026.qmd","bibliography","Fichamento: Private Higher Education in Brazil","Simon Schwartzman (2026)","2026-04-20","2026-04-20",FALSE,"Annotated Bibliography; Higher Education; Brazil; Private Education","",0,"10.1590/1982-57652026v31id300635","Schwartzman2026","privatehighereducationinbrazil","ec210920f47f68e9717ea68f6f212407","",0,""
"posts/Scudeler2022-Tese-FIES.qmd","bibliography","Fichamento: O FIES e as estrat<U+00E9>gias dos grupos empresariais da educa<U+00E7><U+00E3>o superior frente <U+00E0> redu<U+00E7><U+00E3>o dos contratos de financiamento p<U+00FA>blico","Scudeler (2022)","2026-04-19","2026-04-19",FALSE,"Annotated Bibliography; Education Policy/Politics; Economics of Education","tertiary-education; public-policy",2,"","Scudeler2022","ofieseasestrategiasdosgruposempresariaisdaeducacaosuperiorfrenteareducaodoscontratosdefinanciamentopublico","9a5bd10924d2076ec4507116e078e25a","",0,""
"posts/Seawright-Gerring2008.qmd","bibliography","Fichamento: Case Selection Techniques in Case Study Research: A Menu of Qualitative and Quantitative Options","Seawright, J. & Gerring, J. (2008) <U+2014> Political Research Quarterly, SAGE","2026-05-08","2026-05-08",FALSE,"Annotated Bibliography; Methodology; Comparative Politics; Case Study Research","case-selection; qualitative-methods; process-tracing; causal-inference; small-n; mixed-methods; typical-case; deviant-case; most-similar; most-different; propensity-score-matching; cook-distance",12,"10.1177/1065912907313077","Seawright-Gerring2008","caseselectiontechniquesincasestudyresearchamenuofqualitativeandquantitativeoptions","03c87073ac89a8ca08f89190ee1772ec","",0,""
"posts/Sguissardi2008.qmd","bibliography","Fichamento: Modelo de expans<U+00E3>o da educa<U+00E7><U+00E3>o superior no Brasil: predom<U+00ED>nio privado/mercantil e desafios para a regula<U+00E7><U+00E3>o e a forma<U+00E7><U+00E3>o universit<U+00E1>ria","Sguissardi (2008)","2026-05-07","2026-05-07",TRUE,"Annotated Bibliography; Brazil; Sociology of Education; Tertiary Education; Private Education; Education Policy/Politics","tertiary-education; quantitative-methods",2,"","Sguissardi2008","modelodeexpansaodaeducacaosuperiornobrasilpredominioprivadomercantiledesafiosparaaregulacaoeaformacaouniversitaria","b33c31b22332bb1631bebe532e195c24","",0,""
"posts/Stasavage2005.qmd","bibliography","Fichamento: Democracy and Education Spending in Africa","Stasavage (2005), 'Democracy and Education Spending in Africa.' American Journal of Political Science, 49(2), 343<U+2013>358.","2026-06-06","2026-06-06",FALSE,"Annotated Bibliography; Political Economy; Comparative Politics; Education Policy; Democracy; Africa; 2005; 2000s","",0,"","Stasavage2005","democracyandeducationspendinginafrica","12d9c4870f3fd1357261e591c1e87d9d","",0,""
"posts/Stasavage2011.qmd","bibliography","Fichamento: States of Credit: Size, Power, and the Development of European Polities","Stasavage, D. (2011). *States of credit: Size, power, and the development of European polities*. Princeton University Press.","2026-06-06","2026-06-06",FALSE,"Annotated Bibliography; Political Economy; Public Credit; Representative Institutions; State Formation; Comparative; 2011; 2010s","",0,"","Stasavage2011","statesofcreditsizepowerandthedevelopmentofeuropeanpolities","795b622e8ede9c02c60eae393da35faf","",0,""
"posts/Stasavage2024.qmd","bibliography","Fichamento: How Did Modern Democracy Spread So Widely?","Stasavage, D. (2024). How Did Modern Democracy Spread So Widely? *Journal of Historical Political Economy*, 4, 547<U+2013>556.","2026-06-06","2026-06-06",FALSE,"Annotated Bibliography; Political Economy; Democratization; Historical Institutionalism; 2024; 2020s","",0,"","Stasavage2024","howdidmoderndemocracyspreadsowidely","2ccde043b3cc2e14110a2076131e946c","",0,""
"posts/Stolcke1988.qmd","bibliography","Fichamento: Coffee Planters, Workers and Wives","Stolcke, V. (1988). *Coffee planters, workers and wives: Class conflict and gender relations on S<U+00E3>o Paulo plantations, 1850<U+2013>1980*. St. Martin's Press.","2026-06-02","2026-06-02",FALSE,"Annotated Bibliography; Historical Sociology; Historical Political Economy; Gender and Labor Markets; Brazil; 1988; 1980s","",0,"","Stolcke1988","coffeeplantersworkersandwives","583f325064f49a6c7d809c3d1e7c9e19","",0,""
"posts/Summerhill2000.qmd","bibliography","Fichamento: Institutional Determinants of Railroad Subsidy and Regulation in Imperial Brazil","Summerhill (2000)","2026-04-25","2026-04-25",FALSE,"Annotated Bibliography; Political Economy; Economic History; Institutions; Imperial Brazil; Infrastructure Policy","",0,"","Summerhill2000","institutionaldeterminantsofrailroadsubsidyandregulationinimperialbrazil","4833ec184223840dd3b5b04dd343829f","",0,""
"posts/Tan-Thelen2025.qmd","bibliography","Fichamento: Cloud Capitalism and the AI Transition","Tan, J. S. e Thelen, K. (2025)","2026-04-23","2026-04-23",FALSE,"Annotated Bibliography; Political Economy; Platform Capitalism; Artificial Intelligence","",0,"10.1177/00323292251396395","Tan-Thelen2025","cloudcapitalismandtheaitransition","279cc3ebcc32b715ead91c1f3e03c5fd","",0,""
"posts/Tarlau2019.qmd","bibliography","Fichamento: Occupying Schools, Occupying Land: How the Landless Workers Movement Transformed Brazilian Education","Tarlau, Rebecca (2019) <U+2014> Oxford University Press","2026-05-09","2026-05-09",FALSE,"Annotated Bibliography; Comparative Politics; Social Movements; Education Policy; Brazil","",0,"","Tarlau2019","occupyingschoolsoccupyinglandhowthelandlessworkersmovementtransformedbrazilianeducation","9b546659b7ed865c8b9b38ee27305fb7","",0,""
"posts/Thelen2014Chp1.qmd","bibliography","Fichamento: Varieties of Liberalization and the New Politics of Social Solidarity (Cap<U+00ED>tulo 1)","Thelen (2014)","2026-04-23","2026-04-23",FALSE,"Annotated Bibliography; Political Economy; Institutions; Varieties of Capitalism; Liberalization; Inequality","",0,"","Thelen2014","varietiesofliberalizationandthenewpoliticsofsocialsolidaritycapitulo1","4c2a00e9d50fa5d7b6e31f4309b69af1","",0,""
"posts/Veronese2024.qmd","bibliography","Fichamento: A Democracia Causa a Expans<U+00E3>o da Pol<U+00ED>tica de Educa<U+00E7><U+00E3>o? Efeitos e Heterogeneidades em Pa<U+00ED>ses Latino-Americanos","Veronese, Davi Ferreira (2024) <U+2014> Disserta<U+00E7><U+00E3>o de Mestrado, FFLCH-USP","2026-05-09","2026-05-09",FALSE,"Annotated Bibliography; Political Economy; Comparative Politics; Education Policy; Welfare State/Social Policy; Latin America","",0,"","Veronese2024","ademocraciacausaaexpansaodapoliticadeeducacaoefeitoseheterogeneidadesempaiseslatinoamericanos","c2eb197ace85ee1baba1b268bf9a1fb6","",0,""
"posts/Warikoo2016.qmd","bibliography","Fichamento: The Diversity Bargain","Warikoo, N. K. (2016). The diversity bargain: and other dilemmas of race, admissions, and meritocracy at elite universities. University of Chicago Press.","2026-06-06","2026-06-06",FALSE,"Annotated Bibliography; Sociology; Education Policy; Race And Ethnicity; Higher Education; United States; 2016; 2010s","",0,"","Warikoo2016","thediversitybargain","087eff1cb794588bf2da632618fe2230","",0,""
"posts/Wegenast2010-Cana-Cafe-Cacau.qmd","bibliography","Fichamento: Cana, Caf<U+00E9>, Cacau: Agrarian Structure and Educational Inequalities in Brazil","Wegenast, T. (2010)","2026-04-19","2026-04-19",FALSE,"Annotated Bibliography; Political Economy; Development Economics; Inequality; Brazil","economic-history",1,"10.1017/s0212610909990024","Wegenast2010","canacafecacauagrarianstructureandeducationalinequalitiesinbrazil","d01f65f67e605a32a1f002dc3530149a","",0,""
"posts/notes/VoC-Hall-Soskice2001.qmd","concept-note","Nota: Variedades de Capitalismo (VoC) <U+2014> O Puzzle da N<U+00E3>o-Converg<U+00EA>ncia","Hall & Soskice (2001) e o debate sobre diverg<U+00EA>ncia institucional","2026-05-12","2026-05-12",FALSE,"Descriptive Note; Comparative Politics/Political Economy; Institutions","varieties-of-capitalism; hall-soskice; institutional-complementarities; comparative-institutional-advantage; liberal-market-economy; coordinated-market-economy; hierarchical-market-economy; convergence-thesis; non-convergence; incremental-innovation; radical-innovation",11,"","","notavariedadesdecapitalismovocopuzzledanaoconvergencia","32a5a52b41ac8e8419c01187d31fb0fb","",0,""
