"tag","normalized_slug","uses","paths"
"causal-inference","causal-inference",12,"0-governance/archive/variants/Barahona-etal2026-FIES-and-Tuittion-fees.qmd; posts/AnderssonBerger2019.qmd; posts/Barahona-etal2025-Widespread-Online-Education.qmd; posts/Barahona-etal2026.qmd; posts/Bartels2023.qmd; posts/Berger2016.qmd; posts/Dell2011.qmd; posts/Freedman1991.qmd; posts/Jackson2021.qmd; posts/Mello2022.qmd; posts/Mello2023.qmd; posts/Seawright-Gerring2008.qmd"
"quantitative-methods","quantitative-methods",10,"posts/Acemoglu-etal2005.qmd; posts/Colistete-Lamounier2014.qmd; posts/Dell2011.qmd; posts/Ferre2023.qmd; posts/Ferre2024.qmd; posts/Garritzmann-Seng2026.qmd; posts/Gingrich-Giudici2025-Who-Polarises.qmd; posts/Kang-etal2021.qmd; posts/Salata-Cheung2025.qmd; posts/Sguissardi2008.qmd"
"economic-history","economic-history",9,"0-governance/archive/variants/Kang-etal2021-Perplexity-Best.qmd; posts/Acemoglu-etal2005.qmd; posts/AnderssonBerger2019.qmd; posts/Berger2016.qmd; posts/Colistete-Lamounier2014.qmd; posts/Colistete2014.qmd; posts/Kang-etal2021.qmd; posts/Naritomi-etal2009.qmd; posts/Wegenast2010-Cana-Cafe-Cacau.qmd"
"tertiary-education","tertiary-education",5,"posts/Barahona-etal2025-Widespread-Online-Education.qmd; posts/Mello2023.qmd; posts/Salata-Cheung2025.qmd; posts/Scudeler2022-Tese-FIES.qmd; posts/Sguissardi2008.qmd"
"public-policy","public-policy",5,"0-governance/archive/variants/Barahona-etal2026-FIES-and-Tuittion-fees.qmd; 0-governance/archive/variants/Costa-etal2021v1.qmd; posts/Barahona-etal2026.qmd; posts/Costa-etal2021.qmd; posts/Scudeler2022-Tese-FIES.qmd"
"industrial-organization","industrial-organization",3,"0-governance/archive/variants/Barahona-etal2026-FIES-and-Tuittion-fees.qmd; posts/Barahona-etal2025-Widespread-Online-Education.qmd; posts/Barahona-etal2026.qmd"
"affirmative-action","affirmative-action",3,"posts/Mello2022.qmd; posts/Mello2023.qmd; posts/Roza2023.qmd"
"social-policy","social-policy",2,"posts/Alves2024.qmd; posts/Filgueira2005.qmd"
"maximally-maintained-inequality","maximally-maintained-inequality",2,"posts/Jackson2021.qmd; posts/Roza2023.qmd"
"varieties-of-capitalism","varieties-of-capitalism",1,"posts/notes/VoC-Hall-Soskice2001.qmd"
"valence-model","valence-model",1,"posts/Jackson2021.qmd"
"typical-case","typical-case",1,"posts/Seawright-Gerring2008.qmd"
"sociology-of-organizations","sociology-of-organizations",1,"posts/Dobbin-Schoonhoven2010.qmd"
"sociology-of-education","sociology-of-education",1,"posts/Barbosa-Gandin2020.qmd"
"small-n","small-n",1,"posts/Seawright-Gerring2008.qmd"
"regression-models","regression-models",1,"posts/Freedman1991.qmd"
"radical-innovation","radical-innovation",1,"posts/notes/VoC-Hall-Soskice2001.qmd"
"qualitative-methods","qualitative-methods",1,"posts/Seawright-Gerring2008.qmd"
"prouni","prouni",1,"posts/Roza2023.qmd"
"propensity-score-matching","propensity-score-matching",1,"posts/Seawright-Gerring2008.qmd"
"process-tracing","process-tracing",1,"posts/Seawright-Gerring2008.qmd"
"philosophy-of-social-sciences","philosophy-of-social-sciences",1,"posts/Della-Porta-Keating2023.qmd"
"non-convergence","non-convergence",1,"posts/notes/VoC-Hall-Soskice2001.qmd"
"multilevel-methods","multilevel-methods",1,"posts/Fulge2022.qmd"
"most-similar","most-similar",1,"posts/Seawright-Gerring2008.qmd"
"most-different","most-different",1,"posts/Seawright-Gerring2008.qmd"
"mixed-methods","mixed-methods",1,"posts/Seawright-Gerring2008.qmd"
"methodological-pluralism","methodological-pluralism",1,"posts/Della-Porta-Keating2023.qmd"
"liberal-market-economy","liberal-market-economy",1,"posts/notes/VoC-Hall-Soskice2001.qmd"
"lei-de-cotas","lei-de-cotas",1,"posts/Roza2023.qmd"
"knowledge-production","knowledge-production",1,"posts/Knopf2006.qmd"
"institutional-gatekeeping","institutional-gatekeeping",1,"posts/Jackson2021.qmd"
"institutional-complementarities","institutional-complementarities",1,"posts/notes/VoC-Hall-Soskice2001.qmd"
"institutional-change","institutional-change",1,"posts/Fulge2022.qmd"
"incremental-innovation","incremental-innovation",1,"posts/notes/VoC-Hall-Soskice2001.qmd"
"imperial-brazil","imperial-brazil",1,"posts/Colistete2014.qmd"
"human-capital","human-capital",1,"posts/Berger2016.qmd"
"horizontal-stratification","horizontal-stratification",1,"posts/Roza2023.qmd"
"hierarchical-market-economy","hierarchical-market-economy",1,"posts/notes/VoC-Hall-Soskice2001.qmd"
"hall-soskice","hall-soskice",1,"posts/notes/VoC-Hall-Soskice2001.qmd"
"graduate-pedagogy","graduate-pedagogy",1,"posts/Knopf2006.qmd"
"fiscal-decentralization","fiscal-decentralization",1,"posts/Colistete2014.qmd"
"fies","fies",1,"posts/Roza2023.qmd"
"epistemology","epistemology",1,"posts/Della-Porta-Keating2023.qmd"
"epidemiology","epidemiology",1,"posts/Freedman1991.qmd"
"enrollment-rates","enrollment-rates",1,"posts/Jackson2021.qmd"
"enade","enade",1,"posts/Roza2023.qmd"
"effectively-maintained-inequality","effectively-maintained-inequality",1,"posts/Roza2023.qmd"
"directed-acyclic-graphs","directed-acyclic-graphs",1,"posts/Jackson2021.qmd"
"deviant-case","deviant-case",1,"posts/Seawright-Gerring2008.qmd"
"descriptive-analysis","descriptive-analysis",1,"posts/Roza2023.qmd"
"democratic-theory","democratic-theory",1,"posts/Bartels2023.qmd"
"coordinated-market-economy","coordinated-market-economy",1,"posts/notes/VoC-Hall-Soskice2001.qmd"
"cook-distance","cook-distance",1,"posts/Seawright-Gerring2008.qmd"
"convergence-thesis","convergence-thesis",1,"posts/notes/VoC-Hall-Soskice2001.qmd"
"comparative-politics","comparative-politics",1,"posts/Alves2024.qmd"
"comparative-institutional-advantage","comparative-institutional-advantage",1,"posts/notes/VoC-Hall-Soskice2001.qmd"
"coalitional-presidentialism","coalitional-presidentialism",1,"posts/Alves2024.qmd"
"cluster-analysis","cluster-analysis",1,"posts/Roza2023.qmd"
"class-origin","class-origin",1,"posts/Jackson2021.qmd"
"case-selection","case-selection",1,"posts/Seawright-Gerring2008.qmd"
"allocation-rules","allocation-rules",1,"posts/Jackson2021.qmd"
"academic-writing","academic-writing",1,"posts/Knopf2006.qmd"
