"file_a","title_a","date_a","file_b","title_b","date_b","match_basis","exact_body"
"posts/Andersen2024.qmd","Fichamento: Impartial Administration and Peaceful Agrarian Reform: The Foundations for Democracy in Scandinavia","2026-05-04","repo-governance/archive/variants/Andersen2024-original-2026-05-03.qmd","Fichamento: Impartial Administration and Peaceful Agrarian Reform: The Foundations for Democracy in Scandinavia","2026-05-03","mesmo DOI; mesmo citekey; tC-tulo normalizado idC*ntico",FALSE
"posts/Andersen2024.qmd","Fichamento: Impartial Administration and Peaceful Agrarian Reform: The Foundations for Democracy in Scandinavia","2026-05-04","repo-governance/archive/variants/Andersen2024vDeepSeek.qmd","Fichamento: Impartial Administration and Peaceful Agrarian Reform: The Foundations for Democracy in Scandinavia","2026-05-04","mesmo DOI; mesmo citekey; tC-tulo normalizado idC*ntico",FALSE
"posts/Barahona-etal2026.qmd","Fichamento: Equilibrium Price Responses to Targeted Student Financial Aid","2026-04-18","repo-governance/archive/variants/Barahona-etal2026-FIES-and-Tuittion-fees.qmd","Fichamento: Equilibrium Price Responses to Targeted Student Financial Aid","2026-04-18","mesmo citekey; tC-tulo normalizado idC*ntico",FALSE
"posts/Busemeyer2026.qmd","Fichamento: The comparative political economy of inequality: the maturation of an emerging field","2026-06-06","repo-governance/archive/variants/Busemeyer2026-Sonnet-4.6.qmd","Fichamento: The Comparative Political Economy of Inequality: The Maturation of an Emerging Field","2026-06-06","mesmo DOI; mesmo citekey; tC-tulo normalizado idC*ntico",FALSE
"posts/Costa-etal2021.qmd","Fichamento: Expans<U+00E3>o da educa<U+00E7><U+00E3>o superior e progressividade do investimento p<U+00FA>blico","2026-04-19","repo-governance/archive/variants/Costa-etal2021v1.qmd","Costa et al. (2021). Expans<U+00E3>o da Higher Education e Progressividade do Investimento P<U+00FA>blico","2026-04-16","mesmo DOI; mesmo citekey",FALSE
"posts/Fairfield2013.qmd","Fichamento: Going Where the Money Is: Strategies for Taxing Economic Elites in Unequal Democracies","2026-05-25","repo-governance/archive/variants/Fairfield2013-original-2026-05-03.qmd","Fichamento: Going Where the Money Is: Strategies for Taxing Economic Elites in Unequal Democracies","2026-05-03","mesmo citekey; tC-tulo normalizado idC*ntico",FALSE
"posts/Hemerijck2013Cap1.qmd","Fichamento: The Adaptive Capacities of Welfare State/Social Policys","2026-04-23","posts/Hemerijck2013Cap5.qmd","Fichamento: Three Waves of Transformative Welfare State/Social Policy Change","2026-04-23","mesmo citekey",FALSE
"posts/Inglot2008Cap1.qmd","Fichamento: The Welfare State/Social Policy in East Central Europe <U+2014> A Conceptual and Theoretical Reconsideration","2026-04-23","posts/Inglot2008Intro.qmd","Fichamento: Introduction <U+2014> Understanding Past and Present Welfare State/Social Policy Development in East Central Europe","2026-04-23","mesmo citekey",FALSE
"posts/Kang-etal2021.qmd","Fichamento: Late and unequal: measuring enrolments and retention in Brazilian education, 1933<U+2013>2010","2026-04-19","repo-governance/archive/variants/Kang-etal2021-Perplexity-Best.qmd","Fichamento: Late and Unequal Measuring Enrolments and Retention in Education Policy/Politics, 1933-2010","2026-04-19","mesmo DOI",FALSE
"posts/Lupu-Pontusson2023Chp-1.qmd","Fichamento: The Political Puzzle of Rising Inequality","2026-04-17","repo-governance/archive/variants/Lupu-Pontusson2023Chp-1.qmd","Fichamento: The Political Puzzle of Rising Inequality","2026-04-17","tC-tulo normalizado idC*ntico",FALSE
"repo-governance/archive/variants/Andersen2024-original-2026-05-03.qmd","Fichamento: Impartial Administration and Peaceful Agrarian Reform: The Foundations for Democracy in Scandinavia","2026-05-03","repo-governance/archive/variants/Andersen2024vDeepSeek.qmd","Fichamento: Impartial Administration and Peaceful Agrarian Reform: The Foundations for Democracy in Scandinavia","2026-05-04","mesmo DOI; mesmo citekey; tC-tulo normalizado idC*ntico",FALSE
