"tag","path","issue"
"quantitative-methods","posts/Acemoglu-etal2005.qmd",""
"economic-history","posts/Acemoglu-etal2005.qmd",""
"coalitional-presidentialism","posts/Alves2024.qmd",""
"social-policy","posts/Alves2024.qmd",""
"comparative-politics","posts/Alves2024.qmd",""
"causal-inference","posts/AnderssonBerger2019.qmd",""
"economic-history","posts/AnderssonBerger2019.qmd",""
"industrial-organization","posts/Barahona-etal2025-Widespread-Online-Education.qmd",""
"causal-inference","posts/Barahona-etal2025-Widespread-Online-Education.qmd",""
"tertiary-education","posts/Barahona-etal2025-Widespread-Online-Education.qmd",""
"industrial-organization","posts/Barahona-etal2026.qmd",""
"public-policy","posts/Barahona-etal2026.qmd",""
"causal-inference","posts/Barahona-etal2026.qmd",""
"sociology-of-education","posts/Barbosa-Gandin2020.qmd",""
"democratic-theory","posts/Bartels2023.qmd",""
"causal-inference","posts/Bartels2023.qmd",""
"economic-history","posts/Berger2016.qmd",""
"causal-inference","posts/Berger2016.qmd",""
"human-capital","posts/Berger2016.qmd",""
"economic-history","posts/Colistete-Lamounier2014.qmd",""
"quantitative-methods","posts/Colistete-Lamounier2014.qmd",""
"economic-history","posts/Colistete2014.qmd",""
"fiscal-decentralization","posts/Colistete2014.qmd",""
"imperial-brazil","posts/Colistete2014.qmd",""
"public-policy","posts/Costa-etal2021.qmd",""
"causal-inference","posts/Dell2011.qmd",""
"quantitative-methods","posts/Dell2011.qmd",""
"methodological-pluralism","posts/Della-Porta-Keating2023.qmd",""
"epistemology","posts/Della-Porta-Keating2023.qmd",""
"philosophy-of-social-sciences","posts/Della-Porta-Keating2023.qmd",""
"sociology-of-organizations","posts/Dobbin-Schoonhoven2010.qmd",""
"quantitative-methods","posts/Ferre2023.qmd",""
"quantitative-methods","posts/Ferre2024.qmd",""
"social-policy","posts/Filgueira2005.qmd",""
"causal-inference","posts/Freedman1991.qmd",""
"regression-models","posts/Freedman1991.qmd",""
"epidemiology","posts/Freedman1991.qmd",""
"institutional-change","posts/Fulge2022.qmd",""
"multilevel-methods","posts/Fulge2022.qmd",""
"quantitative-methods","posts/Garritzmann-Seng2026.qmd",""
"quantitative-methods","posts/Gingrich-Giudici2025-Who-Polarises.qmd",""
"causal-inference","posts/Jackson2021.qmd",""
"directed-acyclic-graphs","posts/Jackson2021.qmd",""
"enrollment-rates","posts/Jackson2021.qmd",""
"allocation-rules","posts/Jackson2021.qmd",""
"maximally-maintained-inequality","posts/Jackson2021.qmd",""
"class-origin","posts/Jackson2021.qmd",""
"institutional-gatekeeping","posts/Jackson2021.qmd",""
"valence-model","posts/Jackson2021.qmd",""
"economic-history","posts/Kang-etal2021.qmd",""
"quantitative-methods","posts/Kang-etal2021.qmd",""
"academic-writing","posts/Knopf2006.qmd",""
"graduate-pedagogy","posts/Knopf2006.qmd",""
"knowledge-production","posts/Knopf2006.qmd",""
"affirmative-action","posts/Mello2022.qmd",""
"causal-inference","posts/Mello2022.qmd",""
"affirmative-action","posts/Mello2023.qmd",""
"tertiary-education","posts/Mello2023.qmd",""
"causal-inference","posts/Mello2023.qmd",""
"economic-history","posts/Naritomi-etal2009.qmd",""
"horizontal-stratification","posts/Roza2023.qmd",""
"affirmative-action","posts/Roza2023.qmd",""
"enade","posts/Roza2023.qmd",""
"cluster-analysis","posts/Roza2023.qmd",""
"maximally-maintained-inequality","posts/Roza2023.qmd",""
"effectively-maintained-inequality","posts/Roza2023.qmd",""
"prouni","posts/Roza2023.qmd",""
"fies","posts/Roza2023.qmd",""
"lei-de-cotas","posts/Roza2023.qmd",""
"descriptive-analysis","posts/Roza2023.qmd",""
"tertiary-education","posts/Salata-Cheung2025.qmd",""
"quantitative-methods","posts/Salata-Cheung2025.qmd",""
"tertiary-education","posts/Scudeler2022-Tese-FIES.qmd",""
"public-policy","posts/Scudeler2022-Tese-FIES.qmd",""
"case-selection","posts/Seawright-Gerring2008.qmd",""
"qualitative-methods","posts/Seawright-Gerring2008.qmd",""
"process-tracing","posts/Seawright-Gerring2008.qmd",""
"causal-inference","posts/Seawright-Gerring2008.qmd",""
"small-n","posts/Seawright-Gerring2008.qmd",""
"mixed-methods","posts/Seawright-Gerring2008.qmd",""
"typical-case","posts/Seawright-Gerring2008.qmd",""
"deviant-case","posts/Seawright-Gerring2008.qmd",""
"most-similar","posts/Seawright-Gerring2008.qmd",""
"most-different","posts/Seawright-Gerring2008.qmd",""
"propensity-score-matching","posts/Seawright-Gerring2008.qmd",""
"cook-distance","posts/Seawright-Gerring2008.qmd",""
"tertiary-education","posts/Sguissardi2008.qmd",""
"quantitative-methods","posts/Sguissardi2008.qmd",""
"economic-history","posts/Wegenast2010-Cana-Cafe-Cacau.qmd",""
"varieties-of-capitalism","posts/notes/VoC-Hall-Soskice2001.qmd",""
"hall-soskice","posts/notes/VoC-Hall-Soskice2001.qmd",""
"institutional-complementarities","posts/notes/VoC-Hall-Soskice2001.qmd",""
"comparative-institutional-advantage","posts/notes/VoC-Hall-Soskice2001.qmd",""
"liberal-market-economy","posts/notes/VoC-Hall-Soskice2001.qmd",""
"coordinated-market-economy","posts/notes/VoC-Hall-Soskice2001.qmd",""
"hierarchical-market-economy","posts/notes/VoC-Hall-Soskice2001.qmd",""
"convergence-thesis","posts/notes/VoC-Hall-Soskice2001.qmd",""
"non-convergence","posts/notes/VoC-Hall-Soskice2001.qmd",""
"incremental-innovation","posts/notes/VoC-Hall-Soskice2001.qmd",""
"radical-innovation","posts/notes/VoC-Hall-Soskice2001.qmd",""
